"container_id"	"file_id"	"artifact_kind"	"original_artifact_path"
"C0001"	"F01.json"	"ATOM_JSON"	"C:\AA_Records\OPERATING\ATOMS\TEST_WORK_001\atom-000001.json"
"C0002"	"F01.jsonl"	"CPS_ATOMS_JSONL"	"C:\OCRWork\MACHINE\NOAH_8_BOOK_PACKAGE\CPS_Atoms\Axelrod - CPS Atoms.jsonl"
"C0002"	"F02.jsonl"	"CPS_ATOMS_JSONL"	"C:\OCRWork\MACHINE\NOAH_8_BOOK_PACKAGE\CPS_Atoms\Dawkins - CPS Atoms.jsonl"
"C0002"	"F03.jsonl"	"CPS_ATOMS_JSONL"	"C:\OCRWork\MACHINE\NOAH_8_BOOK_PACKAGE\CPS_Atoms\Fukuyama - CPS Atoms.jsonl"
"C0002"	"F04.jsonl"	"CPS_ATOMS_JSONL"	"C:\OCRWork\MACHINE\NOAH_8_BOOK_PACKAGE\CPS_Atoms\Haidt - CPS Atoms.jsonl"
"C0002"	"F05.jsonl"	"CPS_ATOMS_JSONL"	"C:\OCRWork\MACHINE\NOAH_8_BOOK_PACKAGE\CPS_Atoms\Harris - CPS Atoms.jsonl"
"C0002"	"F06.jsonl"	"CPS_ATOMS_JSONL"	"C:\OCRWork\MACHINE\NOAH_8_BOOK_PACKAGE\CPS_Atoms\Olson - CPS Atoms.jsonl"
"C0002"	"F07.jsonl"	"CPS_ATOMS_JSONL"	"C:\OCRWork\MACHINE\NOAH_8_BOOK_PACKAGE\CPS_Atoms\Peterson & Wrangham - CPS Atoms.jsonl"
"C0002"	"F08.jsonl"	"CPS_ATOMS_JSONL"	"C:\OCRWork\MACHINE\NOAH_8_BOOK_PACKAGE\CPS_Atoms\Ridley - CPS Atoms.jsonl"
"C0003"	"F01.jsonl"	"READY_CPS_JSONL"	"C:\OCRWork\MACHINE\WITNESSES\1689\derived\1689_cps_sentences_ready_v1.jsonl"
"C0003"	"F02.jsonl"	"CPS_JSONL"	"C:\OCRWork\MACHINE\WITNESSES\1689\derived\1689_cps_sentences_v1.jsonl"
"C0004"	"F01.jsonl"	"READY_CPS_JSONL"	"C:\OCRWork\MACHINE\WITNESSES\a_culture_of_growth_the_origins_of_the_modern_ec_86db11a8\derived\a_culture_of_growth_the_origins_of_the_modern_ec_86db11a8_cps_sentences_ready_v1.jsonl"
"C0004"	"F02.jsonl"	"CPS_JSONL"	"C:\OCRWork\MACHINE\WITNESSES\a_culture_of_growth_the_origins_of_the_modern_ec_86db11a8\derived\a_culture_of_growth_the_origins_of_the_modern_ec_86db11a8_cps_sentences_v1.jsonl"
"C0005"	"F01.jsonl"	"READY_CPS_JSONL"	"C:\OCRWork\MACHINE\WITNESSES\a_millennium_of_family_change_feudalism_to_capit_8c36aa17\derived\a_millennium_of_family_change_feudalism_to_capit_8c36aa17_cps_sentences_ready_v1.jsonl"
"C0005"	"F02.jsonl"	"CPS_JSONL"	"C:\OCRWork\MACHINE\WITNESSES\a_millennium_of_family_change_feudalism_to_capit_8c36aa17\derived\a_millennium_of_family_change_feudalism_to_capit_8c36aa17_cps_sentences_v1.jsonl"
"C0006"	"F01.jsonl"	"READY_CPS_JSONL"	"C:\OCRWork\MACHINE\WITNESSES\a_people_that_shall_dwell_alone_judaism_as_a_gro_8966e64d\derived\a_people_that_shall_dwell_alone_judaism_as_a_gro_8966e64d_cps_sentences_ready_v1.jsonl"
"C0006"	"F02.jsonl"	"CPS_JSONL"	"C:\OCRWork\MACHINE\WITNESSES\a_people_that_shall_dwell_alone_judaism_as_a_gro_8966e64d\derived\a_people_that_shall_dwell_alone_judaism_as_a_gro_8966e64d_cps_sentences_v1.jsonl"
"C0007"	"F01.jsonl"	"READY_CPS_JSONL"	"C:\OCRWork\MACHINE\WITNESSES\a_short_economic_and_social_history_of_the_lake_3db9ecb4\derived\a_short_economic_and_social_history_of_the_lake_3db9ecb4_cps_sentences_ready_v1.jsonl"
"C0007"	"F02.jsonl"	"CPS_JSONL"	"C:\OCRWork\MACHINE\WITNESSES\a_short_economic_and_social_history_of_the_lake_3db9ecb4\derived\a_short_economic_and_social_history_of_the_lake_3db9ecb4_cps_sentences_v1.jsonl"
"C0008"	"F01.jsonl"	"READY_CPS_JSONL"	"C:\OCRWork\MACHINE\WITNESSES\accident_the_death_of_general_sikorski_irving_da_51529ca9\derived\accident_the_death_of_general_sikorski_irving_da_51529ca9_cps_sentences_ready_v1.jsonl"
"C0008"	"F02.jsonl"	"CPS_JSONL"	"C:\OCRWork\MACHINE\WITNESSES\accident_the_death_of_general_sikorski_irving_da_51529ca9\derived\accident_the_death_of_general_sikorski_irving_da_51529ca9_cps_sentences_v1.jsonl"
"C0009"	"F01.jsonl"	"READY_CPS_JSONL"	"C:\OCRWork\MACHINE\WITNESSES\adapt_why_success_always_starts_with_failure_tim_e6396439\derived\adapt_why_success_always_starts_with_failure_tim_e6396439_cps_sentences_ready_v1.jsonl"
"C0009"	"F02.jsonl"	"CPS_JSONL"	"C:\OCRWork\MACHINE\WITNESSES\adapt_why_success_always_starts_with_failure_tim_e6396439\derived\adapt_why_success_always_starts_with_failure_tim_e6396439_cps_sentences_v1.jsonl"
"C0010"	"F01.jsonl"	"READY_CPS_JSONL"	"C:\OCRWork\MACHINE\WITNESSES\an_age_of_saints_power_conflict_and_dissent_in_e_4c1e5e81\derived\an_age_of_saints_power_conflict_and_dissent_in_e_4c1e5e81_cps_sentences_ready_v1.jsonl"
"C0010"	"F02.jsonl"	"CPS_JSONL"	"C:\OCRWork\MACHINE\WITNESSES\an_age_of_saints_power_conflict_and_dissent_in_e_4c1e5e81\derived\an_age_of_saints_power_conflict_and_dissent_in_e_4c1e5e81_cps_sentences_v1.jsonl"
"C0011"	"F01.jsonl"	"READY_CPS_JSONL"	"C:\OCRWork\MACHINE\WITNESSES\apocalypse_1945_the_destruction_of_dresden_1995_2ed54a38\derived\apocalypse_1945_the_destruction_of_dresden_1995_2ed54a38_cps_sentences_ready_v1.jsonl"
"C0011"	"F02.jsonl"	"CPS_JSONL"	"C:\OCRWork\MACHINE\WITNESSES\apocalypse_1945_the_destruction_of_dresden_1995_2ed54a38\derived\apocalypse_1945_the_destruction_of_dresden_1995_2ed54a38_cps_sentences_v1.jsonl"
"C0012"	"F01.jsonl"	"READY_CPS_JSONL"	"C:\OCRWork\MACHINE\WITNESSES\Arendt_The\derived\Arendt_The_cps_sentences_ready_v1.jsonl"
"C0012"	"F02.jsonl"	"CPS_JSONL"	"C:\OCRWork\MACHINE\WITNESSES\Arendt_The\derived\Arendt_The_cps_sentences_v1.jsonl"
"C0013"	"F01.jsonl"	"READY_CPS_JSONL"	"C:\OCRWork\MACHINE\WITNESSES\Aristotle_Politics\derived\Aristotle_Politics_cps_sentences_ready_v1.jsonl"
"C0013"	"F02.jsonl"	"CPS_JSONL"	"C:\OCRWork\MACHINE\WITNESSES\Aristotle_Politics\derived\Aristotle_Politics_cps_sentences_v1.jsonl"
"C0014"	"F01.jsonl"	"READY_CPS_JSONL"	"C:\OCRWork\MACHINE\WITNESSES\as_i_lay_there_drowning_david_irving_90307cb2edf_451af187\derived\as_i_lay_there_drowning_david_irving_90307cb2edf_451af187_cps_sentences_ready_v1.jsonl"
"C0014"	"F02.jsonl"	"CPS_JSONL"	"C:\OCRWork\MACHINE\WITNESSES\as_i_lay_there_drowning_david_irving_90307cb2edf_451af187\derived\as_i_lay_there_drowning_david_irving_90307cb2edf_451af187_cps_sentences_v1.jsonl"
"C0015"	"F01.jsonl"	"READY_CPS_JSONL"	"C:\OCRWork\MACHINE\WITNESSES\aspects_of_the_analysis_of_family_structure_by_a_8f1a4e68\derived\aspects_of_the_analysis_of_family_structure_by_a_8f1a4e68_cps_sentences_ready_v1.jsonl"
"C0015"	"F02.jsonl"	"CPS_JSONL"	"C:\OCRWork\MACHINE\WITNESSES\aspects_of_the_analysis_of_family_structure_by_a_8f1a4e68\derived\aspects_of_the_analysis_of_family_structure_by_a_8f1a4e68_cps_sentences_v1.jsonl"
"C0016"	"F01.jsonl"	"READY_CPS_JSONL"	"C:\OCRWork\MACHINE\WITNESSES\Bagehot_The\derived\Bagehot_The_cps_sentences_ready_v1.jsonl"
"C0016"	"F02.jsonl"	"CPS_JSONL"	"C:\OCRWork\MACHINE\WITNESSES\Bagehot_The\derived\Bagehot_The_cps_sentences_v1.jsonl"
"C0017"	"F01.jsonl"	"READY_CPS_JSONL"	"C:\OCRWork\MACHINE\WITNESSES\ballentine_s_legal_dictionary_thesaurus_general_af5cc459\derived\ballentine_s_legal_dictionary_thesaurus_general_af5cc459_cps_sentences_ready_v1.jsonl"
"C0017"	"F02.jsonl"	"CPS_JSONL"	"C:\OCRWork\MACHINE\WITNESSES\ballentine_s_legal_dictionary_thesaurus_general_af5cc459\derived\ballentine_s_legal_dictionary_thesaurus_general_af5cc459_cps_sentences_v1.jsonl"
"C0018"	"F01.jsonl"	"READY_CPS_JSONL"	"C:\OCRWork\MACHINE\WITNESSES\between_sex_and_power_family_in_the_world_1900_2_7b667aeb\derived\between_sex_and_power_family_in_the_world_1900_2_7b667aeb_cps_sentences_ready_v1.jsonl"
"C0018"	"F02.jsonl"	"CPS_JSONL"	"C:\OCRWork\MACHINE\WITNESSES\between_sex_and_power_family_in_the_world_1900_2_7b667aeb\derived\between_sex_and_power_family_in_the_world_1900_2_7b667aeb_cps_sentences_v1.jsonl"
"C0019"	"F01.jsonl"	"READY_CPS_JSONL"	"C:\OCRWork\MACHINE\WITNESSES\Bible\derived\Bible_cps_sentences_ready_v1.jsonl"
"C0019"	"F02.jsonl"	"CPS_JSONL"	"C:\OCRWork\MACHINE\WITNESSES\Bible\derived\Bible_cps_sentences_v1.jsonl"
"C0020"	"F01.jsonl"	"READY_CPS_JSONL"	"C:\OCRWork\MACHINE\WITNESSES\black_s_law_dictionary_definitions_revised_fourt_1e236389\derived\black_s_law_dictionary_definitions_revised_fourt_1e236389_cps_sentences_ready_v1.jsonl"
"C0020"	"F02.jsonl"	"CPS_JSONL"	"C:\OCRWork\MACHINE\WITNESSES\black_s_law_dictionary_definitions_revised_fourt_1e236389\derived\black_s_law_dictionary_definitions_revised_fourt_1e236389_cps_sentences_v1.jsonl"
"C0021"	"F01.jsonl"	"READY_CPS_JSONL"	"C:\OCRWork\MACHINE\WITNESSES\black_s_law_dictionary_seventh_edition_bryan_a_g_d157dd8c\derived\black_s_law_dictionary_seventh_edition_bryan_a_g_d157dd8c_cps_sentences_ready_v1.jsonl"
"C0021"	"F02.jsonl"	"CPS_JSONL"	"C:\OCRWork\MACHINE\WITNESSES\black_s_law_dictionary_seventh_edition_bryan_a_g_d157dd8c\derived\black_s_law_dictionary_seventh_edition_bryan_a_g_d157dd8c_cps_sentences_v1.jsonl"
"C0022"	"F01.jsonl"	"READY_CPS_JSONL"	"C:\OCRWork\MACHINE\WITNESSES\Blackstone_Commentaries\derived\Blackstone_Commentaries_cps_sentences_ready_v1.jsonl"
"C0022"	"F02.jsonl"	"CPS_JSONL"	"C:\OCRWork\MACHINE\WITNESSES\Blackstone_Commentaries\derived\Blackstone_Commentaries_cps_sentences_v1.jsonl"
"C0023"	"F01.jsonl"	"READY_CPS_JSONL"	"C:\OCRWork\MACHINE\WITNESSES\Boetie_Politics\derived\Boetie_Politics_cps_sentences_ready_v1.jsonl"
"C0023"	"F02.jsonl"	"CPS_JSONL"	"C:\OCRWork\MACHINE\WITNESSES\Boetie_Politics\derived\Boetie_Politics_cps_sentences_v1.jsonl"
"C0024"	"F01.jsonl"	"READY_CPS_JSONL"	"C:\OCRWork\MACHINE\WITNESSES\Boissannade_Life\derived\Boissannade_Life_cps_sentences_ready_v1.jsonl"
"C0024"	"F02.jsonl"	"CPS_JSONL"	"C:\OCRWork\MACHINE\WITNESSES\Boissannade_Life\derived\Boissannade_Life_cps_sentences_v1.jsonl"
"C0025"	"F01.jsonl"	"READY_CPS_JSONL"	"C:\OCRWork\MACHINE\WITNESSES\braudel_history_of_civilizations\derived\braudel_history_of_civilizations_cps_sentences_ready_v1.jsonl"
"C0025"	"F02.jsonl"	"CPS_JSONL"	"C:\OCRWork\MACHINE\WITNESSES\braudel_history_of_civilizations\derived\braudel_history_of_civilizations_cps_sentences_v1.jsonl"
"C0026"	"F01.jsonl"	"READY_CPS_JSONL"	"C:\OCRWork\MACHINE\WITNESSES\breach_of_security_the_german_secret_intelligenc_4fe9f2a1\derived\breach_of_security_the_german_secret_intelligenc_4fe9f2a1_cps_sentences_ready_v1.jsonl"
"C0026"	"F02.jsonl"	"CPS_JSONL"	"C:\OCRWork\MACHINE\WITNESSES\breach_of_security_the_german_secret_intelligenc_4fe9f2a1\derived\breach_of_security_the_german_secret_intelligenc_4fe9f2a1_cps_sentences_v1.jsonl"
"C0027"	"F01.jsonl"	"READY_CPS_JSONL"	"C:\OCRWork\MACHINE\WITNESSES\Building powerful community organizations _ a personal guide -- Michael Jacoby Brown -- Place of publication not identified, 2007 -- Long Haul Press -- 9780977151806 -- 9caa4fe36f396f2c8e2712885b9b832b -- Anna’s\derived\Building powerful community organizations _ a personal guide -- Michael Jacoby Brown -- Place of publication not identified, 2007 -- Long Haul Press -- 9780977151806 -- 9caa4fe36f396f2c8e2712885b9b832b -- Anna’s_cps_sentences_ready_v1.jsonl"
"C0027"	"F02.jsonl"	"CPS_JSONL"	"C:\OCRWork\MACHINE\WITNESSES\Building powerful community organizations _ a personal guide -- Michael Jacoby Brown -- Place of publication not identified, 2007 -- Long Haul Press -- 9780977151806 -- 9caa4fe36f396f2c8e2712885b9b832b -- Anna’s\derived\Building powerful community organizations _ a personal guide -- Michael Jacoby Brown -- Place of publication not identified, 2007 -- Long Haul Press -- 9780977151806 -- 9caa4fe36f396f2c8e2712885b9b832b -- Anna’s_cps_sentences_v1.jsonl"
"C0028"	"F01.jsonl"	"READY_CPS_JSONL"	"C:\OCRWork\MACHINE\WITNESSES\Burke_Revolution\derived\Burke_Revolution_cps_sentences_ready_v1.jsonl"
"C0028"	"F02.jsonl"	"CPS_JSONL"	"C:\OCRWork\MACHINE\WITNESSES\Burke_Revolution\derived\Burke_Revolution_cps_sentences_v1.jsonl"
"C0029"	"F01.jsonl"	"READY_CPS_JSONL"	"C:\OCRWork\MACHINE\WITNESSES\Burnham_The-Managerial-Revolution\derived\Burnham_The-Managerial-Revolution_cps_sentences_ready_v1.jsonl"
"C0029"	"F02.jsonl"	"CPS_JSONL"	"C:\OCRWork\MACHINE\WITNESSES\Burnham_The-Managerial-Revolution\derived\Burnham_The-Managerial-Revolution_cps_sentences_v1.jsonl"
"C0030"	"F01.jsonl"	"READY_CPS_JSONL"	"C:\OCRWork\MACHINE\WITNESSES\Byzantine\derived\Byzantine_cps_sentences_ready_v1.jsonl"
"C0030"	"F02.jsonl"	"CPS_JSONL"	"C:\OCRWork\MACHINE\WITNESSES\Byzantine\derived\Byzantine_cps_sentences_v1.jsonl"
"C0031"	"F01.jsonl"	"READY_CPS_JSONL"	"C:\OCRWork\MACHINE\WITNESSES\Cafferky_Lord\derived\Cafferky_Lord_cps_sentences_ready_v1.jsonl"
"C0031"	"F02.jsonl"	"CPS_JSONL"	"C:\OCRWork\MACHINE\WITNESSES\Cafferky_Lord\derived\Cafferky_Lord_cps_sentences_v1.jsonl"
"C0032"	"F01.jsonl"	"READY_CPS_JSONL"	"C:\OCRWork\MACHINE\WITNESSES\Catechism\derived\Catechism_cps_sentences_ready_v1.jsonl"
"C0032"	"F02.jsonl"	"CPS_JSONL"	"C:\OCRWork\MACHINE\WITNESSES\Catechism\derived\Catechism_cps_sentences_v1.jsonl"
"C0033"	"F01.jsonl"	"READY_CPS_JSONL"	"C:\OCRWork\MACHINE\WITNESSES\Cesear_Commentaries\derived\Cesear_Commentaries_cps_sentences_ready_v1.jsonl"
"C0033"	"F02.jsonl"	"CPS_JSONL"	"C:\OCRWork\MACHINE\WITNESSES\Cesear_Commentaries\derived\Cesear_Commentaries_cps_sentences_v1.jsonl"
"C0034"	"F01.jsonl"	"READY_CPS_JSONL"	"C:\OCRWork\MACHINE\WITNESSES\charles_murray_and_the_underclass_the_developing_49d7adac\derived\charles_murray_and_the_underclass_the_developing_49d7adac_cps_sentences_ready_v1.jsonl"
"C0034"	"F02.jsonl"	"CPS_JSONL"	"C:\OCRWork\MACHINE\WITNESSES\charles_murray_and_the_underclass_the_developing_49d7adac\derived\charles_murray_and_the_underclass_the_developing_49d7adac_cps_sentences_v1.jsonl"
"C0035"	"F01.jsonl"	"READY_CPS_JSONL"	"C:\OCRWork\MACHINE\WITNESSES\charles_murray_and_the_underclass_the_developing_7389c07d\derived\charles_murray_and_the_underclass_the_developing_7389c07d_cps_sentences_ready_v1.jsonl"
"C0035"	"F02.jsonl"	"CPS_JSONL"	"C:\OCRWork\MACHINE\WITNESSES\charles_murray_and_the_underclass_the_developing_7389c07d\derived\charles_murray_and_the_underclass_the_developing_7389c07d_cps_sentences_v1.jsonl"
"C0036"	"F01.jsonl"	"READY_CPS_JSONL"	"C:\OCRWork\MACHINE\WITNESSES\christianity_and_family_law_an_introduction_law_5758fdb1\derived\christianity_and_family_law_an_introduction_law_5758fdb1_cps_sentences_ready_v1.jsonl"
"C0036"	"F02.jsonl"	"CPS_JSONL"	"C:\OCRWork\MACHINE\WITNESSES\christianity_and_family_law_an_introduction_law_5758fdb1\derived\christianity_and_family_law_an_introduction_law_5758fdb1_cps_sentences_v1.jsonl"
"C0037"	"F01.jsonl"	"READY_CPS_JSONL"	"C:\OCRWork\MACHINE\WITNESSES\Churchill_History_V2\derived\Churchill_History_V2_cps_sentences_ready_v1.jsonl"
"C0037"	"F02.jsonl"	"CPS_JSONL"	"C:\OCRWork\MACHINE\WITNESSES\Churchill_History_V2\derived\Churchill_History_V2_cps_sentences_v1.jsonl"
"C0038"	"F01.jsonl"	"READY_CPS_JSONL"	"C:\OCRWork\MACHINE\WITNESSES\churchill_s_war_triumph_in_adversity_2_david_joh_d254a4de\derived\churchill_s_war_triumph_in_adversity_2_david_joh_d254a4de_cps_sentences_ready_v1.jsonl"
"C0038"	"F02.jsonl"	"CPS_JSONL"	"C:\OCRWork\MACHINE\WITNESSES\churchill_s_war_triumph_in_adversity_2_david_joh_d254a4de\derived\churchill_s_war_triumph_in_adversity_2_david_joh_d254a4de_cps_sentences_v1.jsonl"
"C0039"	"F01.jsonl"	"READY_CPS_JSONL"	"C:\OCRWork\MACHINE\WITNESSES\Cicero_Republic\derived\Cicero_Republic_cps_sentences_ready_v1.jsonl"
"C0039"	"F02.jsonl"	"CPS_JSONL"	"C:\OCRWork\MACHINE\WITNESSES\Cicero_Republic\derived\Cicero_Republic_cps_sentences_v1.jsonl"
"C0040"	"F01.jsonl"	"READY_CPS_JSONL"	"C:\OCRWork\MACHINE\WITNESSES\civilization_the_west_and_the_rest_niall_ferguso_04141082\derived\civilization_the_west_and_the_rest_niall_ferguso_04141082_cps_sentences_ready_v1.jsonl"
"C0040"	"F02.jsonl"	"CPS_JSONL"	"C:\OCRWork\MACHINE\WITNESSES\civilization_the_west_and_the_rest_niall_ferguso_04141082\derived\civilization_the_west_and_the_rest_niall_ferguso_04141082_cps_sentences_v1.jsonl"
"C0041"	"F01.jsonl"	"READY_CPS_JSONL"	"C:\OCRWork\MACHINE\WITNESSES\class_a_guide_through_the_american_status_system_238aebcc\derived\class_a_guide_through_the_american_status_system_238aebcc_cps_sentences_ready_v1.jsonl"
"C0041"	"F02.jsonl"	"CPS_JSONL"	"C:\OCRWork\MACHINE\WITNESSES\class_a_guide_through_the_american_status_system_238aebcc\derived\class_a_guide_through_the_american_status_system_238aebcc_cps_sentences_v1.jsonl"
"C0042"	"F01.jsonl"	"READY_CPS_JSONL"	"C:\OCRWork\MACHINE\WITNESSES\coming_apart_the_state_of_white_america_1960_201_4d07d024\derived\coming_apart_the_state_of_white_america_1960_201_4d07d024_cps_sentences_ready_v1.jsonl"
"C0042"	"F02.jsonl"	"CPS_JSONL"	"C:\OCRWork\MACHINE\WITNESSES\coming_apart_the_state_of_white_america_1960_201_4d07d024\derived\coming_apart_the_state_of_white_america_1960_201_4d07d024_cps_sentences_v1.jsonl"
"C0043"	"F01.jsonl"	"READY_CPS_JSONL"	"C:\OCRWork\MACHINE\WITNESSES\command_in_war_martin_van_creveld_american_counc_afbf2c8a\derived\command_in_war_martin_van_creveld_american_counc_afbf2c8a_cps_sentences_ready_v1.jsonl"
"C0043"	"F02.jsonl"	"CPS_JSONL"	"C:\OCRWork\MACHINE\WITNESSES\command_in_war_martin_van_creveld_american_counc_afbf2c8a\derived\command_in_war_martin_van_creveld_american_counc_afbf2c8a_cps_sentences_v1.jsonl"
"C0044"	"F01.jsonl"	"READY_CPS_JSONL"	"C:\OCRWork\MACHINE\WITNESSES\Compendium\derived\Compendium_cps_sentences_ready_v1.jsonl"
"C0044"	"F02.jsonl"	"CPS_JSONL"	"C:\OCRWork\MACHINE\WITNESSES\Compendium\derived\Compendium_cps_sentences_v1.jsonl"
"C0045"	"F01.jsonl"	"READY_CPS_JSONL"	"C:\OCRWork\MACHINE\WITNESSES\Council_Of_Trent\derived\Council_Of_Trent_cps_sentences_ready_v1.jsonl"
"C0045"	"F02.jsonl"	"CPS_JSONL"	"C:\OCRWork\MACHINE\WITNESSES\Council_Of_Trent\derived\Council_Of_Trent_cps_sentences_v1.jsonl"
"C0046"	"F01.jsonl"	"READY_CPS_JSONL"	"C:\OCRWork\MACHINE\WITNESSES\Creveld_Supplying\derived\Creveld_Supplying_cps_sentences_ready_v1.jsonl"
"C0046"	"F02.jsonl"	"CPS_JSONL"	"C:\OCRWork\MACHINE\WITNESSES\Creveld_Supplying\derived\Creveld_Supplying_cps_sentences_v1.jsonl"
"C0047"	"F01.jsonl"	"READY_CPS_JSONL"	"C:\OCRWork\MACHINE\WITNESSES\Crozier_Civ\derived\Crozier_Civ_cps_sentences_ready_v1.jsonl"
"C0047"	"F02.jsonl"	"CPS_JSONL"	"C:\OCRWork\MACHINE\WITNESSES\Crozier_Civ\derived\Crozier_Civ_cps_sentences_v1.jsonl"
"C0048"	"F01.jsonl"	"READY_CPS_JSONL"	"C:\OCRWork\MACHINE\WITNESSES\culture_civilization_volume_two_beyond_positivis_cd9f5922\derived\culture_civilization_volume_two_beyond_positivis_cd9f5922_cps_sentences_ready_v1.jsonl"
"C0048"	"F02.jsonl"	"CPS_JSONL"	"C:\OCRWork\MACHINE\WITNESSES\culture_civilization_volume_two_beyond_positivis_cd9f5922\derived\culture_civilization_volume_two_beyond_positivis_cd9f5922_cps_sentences_v1.jsonl"
"C0049"	"F01.jsonl"	"READY_CPS_JSONL"	"C:\OCRWork\MACHINE\WITNESSES\culture_matters_how_values_shape_human_progress_07dc30d7\derived\culture_matters_how_values_shape_human_progress_07dc30d7_cps_sentences_ready_v1.jsonl"
"C0049"	"F02.jsonl"	"CPS_JSONL"	"C:\OCRWork\MACHINE\WITNESSES\culture_matters_how_values_shape_human_progress_07dc30d7\derived\culture_matters_how_values_shape_human_progress_07dc30d7_cps_sentences_v1.jsonl"
"C0050"	"F01.jsonl"	"READY_CPS_JSONL"	"C:\OCRWork\MACHINE\WITNESSES\Darwin_Origin\derived\Darwin_Origin_cps_sentences_ready_v1.jsonl"
"C0050"	"F02.jsonl"	"CPS_JSONL"	"C:\OCRWork\MACHINE\WITNESSES\Darwin_Origin\derived\Darwin_Origin_cps_sentences_v1.jsonl"
"C0051"	"F01.jsonl"	"READY_CPS_JSONL"	"C:\OCRWork\MACHINE\WITNESSES\Defense of the Augsburg Confession\derived\Defense of the Augsburg Confession_cps_sentences_ready_v1.jsonl"
"C0051"	"F02.jsonl"	"CPS_JSONL"	"C:\OCRWork\MACHINE\WITNESSES\Defense of the Augsburg Confession\derived\Defense of the Augsburg Confession_cps_sentences_v1.jsonl"
"C0052"	"F01.jsonl"	"READY_CPS_JSONL"	"C:\OCRWork\MACHINE\WITNESSES\demonic_males_apes_and_the_origins_of_human_viol_9e4c53a8\derived\demonic_males_apes_and_the_origins_of_human_viol_9e4c53a8_cps_sentences_ready_v1.jsonl"
"C0052"	"F02.jsonl"	"CPS_JSONL"	"C:\OCRWork\MACHINE\WITNESSES\demonic_males_apes_and_the_origins_of_human_viol_9e4c53a8\derived\demonic_males_apes_and_the_origins_of_human_viol_9e4c53a8_cps_sentences_v1.jsonl"
"C0053"	"F01.jsonl"	"READY_CPS_JSONL"	"C:\OCRWork\MACHINE\WITNESSES\Dicey_I\derived\Dicey_I_cps_sentences_ready_v1.jsonl"
"C0053"	"F02.jsonl"	"CPS_JSONL"	"C:\OCRWork\MACHINE\WITNESSES\Dicey_I\derived\Dicey_I_cps_sentences_v1.jsonl"
"C0054"	"F01.jsonl"	"READY_CPS_JSONL"	"C:\OCRWork\MACHINE\WITNESSES\Differential Games_ A Mathematical Theory with Applications -- Rufus Isaacs -- Dover Books on Mathematics, 1999 -- Dover Publications, Incorporated -- 9780486135984 -- 0da35da8c67089d1c4af198e8ab7b91e -- Anna’s\derived\Differential Games_ A Mathematical Theory with Applications -- Rufus Isaacs -- Dover Books on Mathematics, 1999 -- Dover Publications, Incorporated -- 9780486135984 -- 0da35da8c67089d1c4af198e8ab7b91e -- Anna’s_cps_sentences_ready_v1.jsonl"
"C0054"	"F02.jsonl"	"CPS_JSONL"	"C:\OCRWork\MACHINE\WITNESSES\Differential Games_ A Mathematical Theory with Applications -- Rufus Isaacs -- Dover Books on Mathematics, 1999 -- Dover Publications, Incorporated -- 9780486135984 -- 0da35da8c67089d1c4af198e8ab7b91e -- Anna’s\derived\Differential Games_ A Mathematical Theory with Applications -- Rufus Isaacs -- Dover Books on Mathematics, 1999 -- Dover Publications, Incorporated -- 9780486135984 -- 0da35da8c67089d1c4af198e8ab7b91e -- Anna’s_cps_sentences_v1.jsonl"
"C0055"	"F01.jsonl"	"READY_CPS_JSONL"	"C:\OCRWork\MACHINE\WITNESSES\dissertations_on_the_english_language_noah_webst_f738471c\derived\dissertations_on_the_english_language_noah_webst_f738471c_cps_sentences_ready_v1.jsonl"
"C0055"	"F02.jsonl"	"CPS_JSONL"	"C:\OCRWork\MACHINE\WITNESSES\dissertations_on_the_english_language_noah_webst_f738471c\derived\dissertations_on_the_english_language_noah_webst_f738471c_cps_sentences_v1.jsonl"
"C0056"	"F01.jsonl"	"READY_CPS_JSONL"	"C:\OCRWork\MACHINE\WITNESSES\Docherty_Hidden\derived\Docherty_Hidden_cps_sentences_ready_v1.jsonl"
"C0056"	"F02.jsonl"	"CPS_JSONL"	"C:\OCRWork\MACHINE\WITNESSES\Docherty_Hidden\derived\Docherty_Hidden_cps_sentences_v1.jsonl"
"C0057"	"F01.jsonl"	"READY_CPS_JSONL"	"C:\OCRWork\MACHINE\WITNESSES\Docherty_Prolonging\derived\Docherty_Prolonging_cps_sentences_ready_v1.jsonl"
"C0057"	"F02.jsonl"	"CPS_JSONL"	"C:\OCRWork\MACHINE\WITNESSES\Docherty_Prolonging\derived\Docherty_Prolonging_cps_sentences_v1.jsonl"
"C0058"	"F01.jsonl"	"READY_CPS_JSONL"	"C:\OCRWork\MACHINE\WITNESSES\don_t_be_the_villain_niall_ferguson_looks_forwar_cc2e320e\derived\don_t_be_the_villain_niall_ferguson_looks_forwar_cc2e320e_cps_sentences_ready_v1.jsonl"
"C0058"	"F02.jsonl"	"CPS_JSONL"	"C:\OCRWork\MACHINE\WITNESSES\don_t_be_the_villain_niall_ferguson_looks_forwar_cc2e320e\derived\don_t_be_the_villain_niall_ferguson_looks_forwar_cc2e320e_cps_sentences_v1.jsonl"
"C0059"	"F01.jsonl"	"READY_CPS_JSONL"	"C:\OCRWork\MACHINE\WITNESSES\doom_the_politics_of_catastrophe_niall_ferguson_0b15d604\derived\doom_the_politics_of_catastrophe_niall_ferguson_0b15d604_cps_sentences_ready_v1.jsonl"
"C0059"	"F02.jsonl"	"CPS_JSONL"	"C:\OCRWork\MACHINE\WITNESSES\doom_the_politics_of_catastrophe_niall_ferguson_0b15d604\derived\doom_the_politics_of_catastrophe_niall_ferguson_0b15d604_cps_sentences_v1.jsonl"
"C0060"	"F01.jsonl"	"READY_CPS_JSONL"	"C:\OCRWork\MACHINE\WITNESSES\Durant_Age\derived\Durant_Age_cps_sentences_ready_v1.jsonl"
"C0060"	"F02.jsonl"	"CPS_JSONL"	"C:\OCRWork\MACHINE\WITNESSES\Durant_Age\derived\Durant_Age_cps_sentences_v1.jsonl"
"C0061"	"F01.jsonl"	"READY_CPS_JSONL"	"C:\OCRWork\MACHINE\WITNESSES\Durant_Christ\derived\Durant_Christ_cps_sentences_ready_v1.jsonl"
"C0061"	"F02.jsonl"	"CPS_JSONL"	"C:\OCRWork\MACHINE\WITNESSES\Durant_Christ\derived\Durant_Christ_cps_sentences_v1.jsonl"
"C0062"	"F01.jsonl"	"READY_CPS_JSONL"	"C:\OCRWork\MACHINE\WITNESSES\Durant_Civilization1\derived\Durant_Civilization1_cps_sentences_ready_v1.jsonl"
"C0062"	"F02.jsonl"	"CPS_JSONL"	"C:\OCRWork\MACHINE\WITNESSES\Durant_Civilization1\derived\Durant_Civilization1_cps_sentences_v1.jsonl"
"C0063"	"F01.jsonl"	"READY_CPS_JSONL"	"C:\OCRWork\MACHINE\WITNESSES\Durant_Civilization2\derived\Durant_Civilization2_cps_sentences_ready_v1.jsonl"
"C0063"	"F02.jsonl"	"CPS_JSONL"	"C:\OCRWork\MACHINE\WITNESSES\Durant_Civilization2\derived\Durant_Civilization2_cps_sentences_v1.jsonl"
"C0064"	"F01.jsonl"	"READY_CPS_JSONL"	"C:\OCRWork\MACHINE\WITNESSES\Durant_Civilization4\derived\Durant_Civilization4_cps_sentences_ready_v1.jsonl"
"C0064"	"F02.jsonl"	"CPS_JSONL"	"C:\OCRWork\MACHINE\WITNESSES\Durant_Civilization4\derived\Durant_Civilization4_cps_sentences_v1.jsonl"
"C0065"	"F01.jsonl"	"READY_CPS_JSONL"	"C:\OCRWork\MACHINE\WITNESSES\Durant_Civilization5\derived\Durant_Civilization5_cps_sentences_ready_v1.jsonl"
"C0065"	"F02.jsonl"	"CPS_JSONL"	"C:\OCRWork\MACHINE\WITNESSES\Durant_Civilization5\derived\Durant_Civilization5_cps_sentences_v1.jsonl"
"C0066"	"F01.jsonl"	"READY_CPS_JSONL"	"C:\OCRWork\MACHINE\WITNESSES\Durant_Civilization6\derived\Durant_Civilization6_cps_sentences_ready_v1.jsonl"
"C0066"	"F02.jsonl"	"CPS_JSONL"	"C:\OCRWork\MACHINE\WITNESSES\Durant_Civilization6\derived\Durant_Civilization6_cps_sentences_v1.jsonl"
"C0067"	"F01.jsonl"	"READY_CPS_JSONL"	"C:\OCRWork\MACHINE\WITNESSES\Durant_Civilization7\derived\Durant_Civilization7_cps_sentences_ready_v1.jsonl"
"C0067"	"F02.jsonl"	"CPS_JSONL"	"C:\OCRWork\MACHINE\WITNESSES\Durant_Civilization7\derived\Durant_Civilization7_cps_sentences_v1.jsonl"
"C0068"	"F01.jsonl"	"READY_CPS_JSONL"	"C:\OCRWork\MACHINE\WITNESSES\Durant_India\derived\Durant_India_cps_sentences_ready_v1.jsonl"
"C0068"	"F02.jsonl"	"CPS_JSONL"	"C:\OCRWork\MACHINE\WITNESSES\Durant_India\derived\Durant_India_cps_sentences_v1.jsonl"
"C0069"	"F01.jsonl"	"READY_CPS_JSONL"	"C:\OCRWork\MACHINE\WITNESSES\Durant_Life\derived\Durant_Life_cps_sentences_ready_v1.jsonl"
"C0069"	"F02.jsonl"	"CPS_JSONL"	"C:\OCRWork\MACHINE\WITNESSES\Durant_Life\derived\Durant_Life_cps_sentences_v1.jsonl"
"C0070"	"F01.jsonl"	"READY_CPS_JSONL"	"C:\OCRWork\MACHINE\WITNESSES\Durant_Mansions\derived\Durant_Mansions_cps_sentences_ready_v1.jsonl"
"C0070"	"F02.jsonl"	"CPS_JSONL"	"C:\OCRWork\MACHINE\WITNESSES\Durant_Mansions\derived\Durant_Mansions_cps_sentences_v1.jsonl"
"C0071"	"F01.jsonl"	"READY_CPS_JSONL"	"C:\OCRWork\MACHINE\WITNESSES\Durant_Outlines\derived\Durant_Outlines_cps_sentences_ready_v1.jsonl"
"C0071"	"F02.jsonl"	"CPS_JSONL"	"C:\OCRWork\MACHINE\WITNESSES\Durant_Outlines\derived\Durant_Outlines_cps_sentences_v1.jsonl"
"C0072"	"F01.jsonl"	"READY_CPS_JSONL"	"C:\OCRWork\MACHINE\WITNESSES\Durant_Pleasures\derived\Durant_Pleasures_cps_sentences_ready_v1.jsonl"
"C0072"	"F02.jsonl"	"CPS_JSONL"	"C:\OCRWork\MACHINE\WITNESSES\Durant_Pleasures\derived\Durant_Pleasures_cps_sentences_v1.jsonl"
"C0073"	"F01.jsonl"	"READY_CPS_JSONL"	"C:\OCRWork\MACHINE\WITNESSES\Durant_Renaissance\derived\Durant_Renaissance_cps_sentences_ready_v1.jsonl"
"C0073"	"F02.jsonl"	"CPS_JSONL"	"C:\OCRWork\MACHINE\WITNESSES\Durant_Renaissance\derived\Durant_Renaissance_cps_sentences_v1.jsonl"
"C0074"	"F01.jsonl"	"READY_CPS_JSONL"	"C:\OCRWork\MACHINE\WITNESSES\Durant_Story\derived\Durant_Story_cps_sentences_ready_v1.jsonl"
"C0074"	"F02.jsonl"	"CPS_JSONL"	"C:\OCRWork\MACHINE\WITNESSES\Durant_Story\derived\Durant_Story_cps_sentences_v1.jsonl"
"C0075"	"F01.jsonl"	"READY_CPS_JSONL"	"C:\OCRWork\MACHINE\WITNESSES\Durant_Transition\derived\Durant_Transition_cps_sentences_ready_v1.jsonl"
"C0075"	"F02.jsonl"	"CPS_JSONL"	"C:\OCRWork\MACHINE\WITNESSES\Durant_Transition\derived\Durant_Transition_cps_sentences_v1.jsonl"
"C0076"	"F01.jsonl"	"READY_CPS_JSONL"	"C:\OCRWork\MACHINE\WITNESSES\economic_factors_in_population_growth_proceeding_668b9be1\derived\economic_factors_in_population_growth_proceeding_668b9be1_cps_sentences_ready_v1.jsonl"
"C0076"	"F02.jsonl"	"CPS_JSONL"	"C:\OCRWork\MACHINE\WITNESSES\economic_factors_in_population_growth_proceeding_668b9be1\derived\economic_factors_in_population_growth_proceeding_668b9be1_cps_sentences_v1.jsonl"
"C0077"	"F01.jsonl"	"READY_CPS_JSONL"	"C:\OCRWork\MACHINE\WITNESSES\economy_and_society_in_the_age_of_justinian_pete_38f6c475\derived\economy_and_society_in_the_age_of_justinian_pete_38f6c475_cps_sentences_ready_v1.jsonl"
"C0077"	"F02.jsonl"	"CPS_JSONL"	"C:\OCRWork\MACHINE\WITNESSES\economy_and_society_in_the_age_of_justinian_pete_38f6c475\derived\economy_and_society_in_the_age_of_justinian_pete_38f6c475_cps_sentences_v1.jsonl"
"C0078"	"F01.jsonl"	"READY_CPS_JSONL"	"C:\OCRWork\MACHINE\WITNESSES\empires_of_faith_the_fall_of_rome_to_the_rise_of_f83c4509\derived\empires_of_faith_the_fall_of_rome_to_the_rise_of_f83c4509_cps_sentences_ready_v1.jsonl"
"C0078"	"F02.jsonl"	"CPS_JSONL"	"C:\OCRWork\MACHINE\WITNESSES\empires_of_faith_the_fall_of_rome_to_the_rise_of_f83c4509\derived\empires_of_faith_the_fall_of_rome_to_the_rise_of_f83c4509_cps_sentences_v1.jsonl"
"C0079"	"F01.jsonl"	"READY_CPS_JSONL"	"C:\OCRWork\MACHINE\WITNESSES\Enchiridion\derived\Enchiridion_cps_sentences_ready_v1.jsonl"
"C0079"	"F02.jsonl"	"CPS_JSONL"	"C:\OCRWork\MACHINE\WITNESSES\Enchiridion\derived\Enchiridion_cps_sentences_v1.jsonl"
"C0080"	"F01.jsonl"	"READY_CPS_JSONL"	"C:\OCRWork\MACHINE\WITNESSES\Engels_Alexander\derived\Engels_Alexander_cps_sentences_ready_v1.jsonl"
"C0080"	"F02.jsonl"	"CPS_JSONL"	"C:\OCRWork\MACHINE\WITNESSES\Engels_Alexander\derived\Engels_Alexander_cps_sentences_v1.jsonl"
"C0081"	"F01.jsonl"	"READY_CPS_JSONL"	"C:\OCRWork\MACHINE\WITNESSES\envy_a_theory_of_social_behaviour_by_helmut_scho_0da25ec7\derived\envy_a_theory_of_social_behaviour_by_helmut_scho_0da25ec7_cps_sentences_ready_v1.jsonl"
"C0081"	"F02.jsonl"	"CPS_JSONL"	"C:\OCRWork\MACHINE\WITNESSES\envy_a_theory_of_social_behaviour_by_helmut_scho_0da25ec7\derived\envy_a_theory_of_social_behaviour_by_helmut_scho_0da25ec7_cps_sentences_v1.jsonl"
"C0082"	"F01.jsonl"	"READY_CPS_JSONL"	"C:\OCRWork\MACHINE\WITNESSES\essays_on_education_in_the_early_republic_benjam_48595490\derived\essays_on_education_in_the_early_republic_benjam_48595490_cps_sentences_ready_v1.jsonl"
"C0082"	"F02.jsonl"	"CPS_JSONL"	"C:\OCRWork\MACHINE\WITNESSES\essays_on_education_in_the_early_republic_benjam_48595490\derived\essays_on_education_in_the_early_republic_benjam_48595490_cps_sentences_v1.jsonl"
"C0083"	"F01.jsonl"	"READY_CPS_JSONL"	"C:\OCRWork\MACHINE\WITNESSES\estimation_of_recent_trends_in_fertility_and_mor_08cc290f\derived\estimation_of_recent_trends_in_fertility_and_mor_08cc290f_cps_sentences_ready_v1.jsonl"
"C0083"	"F02.jsonl"	"CPS_JSONL"	"C:\OCRWork\MACHINE\WITNESSES\estimation_of_recent_trends_in_fertility_and_mor_08cc290f\derived\estimation_of_recent_trends_in_fertility_and_mor_08cc290f_cps_sentences_v1.jsonl"
"C0084"	"F01.jsonl"	"READY_CPS_JSONL"	"C:\OCRWork\MACHINE\WITNESSES\family_formation_in_an_age_of_nascent_capitalism_bb7ea05f\derived\family_formation_in_an_age_of_nascent_capitalism_bb7ea05f_cps_sentences_ready_v1.jsonl"
"C0084"	"F02.jsonl"	"CPS_JSONL"	"C:\OCRWork\MACHINE\WITNESSES\family_formation_in_an_age_of_nascent_capitalism_bb7ea05f\derived\family_formation_in_an_age_of_nascent_capitalism_bb7ea05f_cps_sentences_v1.jsonl"
"C0085"	"F01.jsonl"	"READY_CPS_JSONL"	"C:\OCRWork\MACHINE\WITNESSES\feudal_society_vol_2_social_classes_and_politica_ccb936ca\derived\feudal_society_vol_2_social_classes_and_politica_ccb936ca_cps_sentences_ready_v1.jsonl"
"C0085"	"F02.jsonl"	"CPS_JSONL"	"C:\OCRWork\MACHINE\WITNESSES\feudal_society_vol_2_social_classes_and_politica_ccb936ca\derived\feudal_society_vol_2_social_classes_and_politica_ccb936ca_cps_sentences_v1.jsonl"
"C0086"	"F01.jsonl"	"READY_CPS_JSONL"	"C:\OCRWork\MACHINE\WITNESSES\feudal_society_volume_1_the_growth_of_ties_of_de_9d9dd9e7\derived\feudal_society_volume_1_the_growth_of_ties_of_de_9d9dd9e7_cps_sentences_ready_v1.jsonl"
"C0086"	"F02.jsonl"	"CPS_JSONL"	"C:\OCRWork\MACHINE\WITNESSES\feudal_society_volume_1_the_growth_of_ties_of_de_9d9dd9e7\derived\feudal_society_volume_1_the_growth_of_ties_of_de_9d9dd9e7_cps_sentences_v1.jsonl"
"C0087"	"F01.jsonl"	"READY_CPS_JSONL"	"C:\OCRWork\MACHINE\WITNESSES\Ford_International\derived\Ford_International_cps_sentences_ready_v1.jsonl"
"C0087"	"F02.jsonl"	"CPS_JSONL"	"C:\OCRWork\MACHINE\WITNESSES\Ford_International\derived\Ford_International_cps_sentences_v1.jsonl"
"C0088"	"F01.jsonl"	"READY_CPS_JSONL"	"C:\OCRWork\MACHINE\WITNESSES\frontiers_of_the_roman_empire_a_social_and_econo_f72c9d68\derived\frontiers_of_the_roman_empire_a_social_and_econo_f72c9d68_cps_sentences_ready_v1.jsonl"
"C0088"	"F02.jsonl"	"CPS_JSONL"	"C:\OCRWork\MACHINE\WITNESSES\frontiers_of_the_roman_empire_a_social_and_econo_f72c9d68\derived\frontiers_of_the_roman_empire_a_social_and_econo_f72c9d68_cps_sentences_v1.jsonl"
"C0089"	"F01.jsonl"	"READY_CPS_JSONL"	"C:\OCRWork\MACHINE\WITNESSES\generations_the_history_of_america_s_future_1584_92a443cf\derived\generations_the_history_of_america_s_future_1584_92a443cf_cps_sentences_ready_v1.jsonl"
"C0089"	"F02.jsonl"	"CPS_JSONL"	"C:\OCRWork\MACHINE\WITNESSES\generations_the_history_of_america_s_future_1584_92a443cf\derived\generations_the_history_of_america_s_future_1584_92a443cf_cps_sentences_v1.jsonl"
"C0090"	"F01.jsonl"	"READY_CPS_JSONL"	"C:\OCRWork\MACHINE\WITNESSES\genesis_henry_a_kissinger_eric_schmidt_craig_mun_54f96a44\derived\genesis_henry_a_kissinger_eric_schmidt_craig_mun_54f96a44_cps_sentences_ready_v1.jsonl"
"C0090"	"F02.jsonl"	"CPS_JSONL"	"C:\OCRWork\MACHINE\WITNESSES\genesis_henry_a_kissinger_eric_schmidt_craig_mun_54f96a44\derived\genesis_henry_a_kissinger_eric_schmidt_craig_mun_54f96a44_cps_sentences_v1.jsonl"
"C0091"	"F01.jsonl"	"READY_CPS_JSONL"	"C:\OCRWork\MACHINE\WITNESSES\George_Progress-And\derived\George_Progress-And_cps_sentences_ready_v1.jsonl"
"C0091"	"F02.jsonl"	"CPS_JSONL"	"C:\OCRWork\MACHINE\WITNESSES\George_Progress-And\derived\George_Progress-And_cps_sentences_v1.jsonl"
"C0092"	"F01.jsonl"	"READY_CPS_JSONL"	"C:\OCRWork\MACHINE\WITNESSES\goebbels_mastermind_of_the_third_reich_focal_poi_11e3640d\derived\goebbels_mastermind_of_the_third_reich_focal_poi_11e3640d_cps_sentences_ready_v1.jsonl"
"C0092"	"F02.jsonl"	"CPS_JSONL"	"C:\OCRWork\MACHINE\WITNESSES\goebbels_mastermind_of_the_third_reich_focal_poi_11e3640d\derived\goebbels_mastermind_of_the_third_reich_focal_poi_11e3640d_cps_sentences_v1.jsonl"
"C0093"	"F01.jsonl"	"READY_CPS_JSONL"	"C:\OCRWork\MACHINE\WITNESSES\goering_a_biography_irving_david_1989_7fd8fd855f_9505a416\derived\goering_a_biography_irving_david_1989_7fd8fd855f_9505a416_cps_sentences_ready_v1.jsonl"
"C0093"	"F02.jsonl"	"CPS_JSONL"	"C:\OCRWork\MACHINE\WITNESSES\goering_a_biography_irving_david_1989_7fd8fd855f_9505a416\derived\goering_a_biography_irving_david_1989_7fd8fd855f_9505a416_cps_sentences_v1.jsonl"
"C0094"	"F01.jsonl"	"READY_CPS_JSONL"	"C:\OCRWork\MACHINE\WITNESSES\Gramsci_Selections\derived\Gramsci_Selections_cps_sentences_ready_v1.jsonl"
"C0094"	"F02.jsonl"	"CPS_JSONL"	"C:\OCRWork\MACHINE\WITNESSES\Gramsci_Selections\derived\Gramsci_Selections_cps_sentences_v1.jsonl"
"C0095"	"F01.jsonl"	"READY_CPS_JSONL"	"C:\OCRWork\MACHINE\WITNESSES\Grimm_Fairy\derived\Grimm_Fairy_cps_sentences_ready_v1.jsonl"
"C0095"	"F02.jsonl"	"CPS_JSONL"	"C:\OCRWork\MACHINE\WITNESSES\Grimm_Fairy\derived\Grimm_Fairy_cps_sentences_v1.jsonl"
"C0096"	"F01.jsonl"	"READY_CPS_JSONL"	"C:\OCRWork\MACHINE\WITNESSES\Haidt_The_Right\derived\Haidt_The_Right_cps_sentences_ready_v1.jsonl"
"C0096"	"F02.jsonl"	"CPS_JSONL"	"C:\OCRWork\MACHINE\WITNESSES\Haidt_The_Right\derived\Haidt_The_Right_cps_sentences_v1.jsonl"
"C0097"	"F01.jsonl"	"READY_CPS_JSONL"	"C:\OCRWork\MACHINE\WITNESSES\Hamilton_Federalist\derived\Hamilton_Federalist_cps_sentences_ready_v1.jsonl"
"C0097"	"F02.jsonl"	"CPS_JSONL"	"C:\OCRWork\MACHINE\WITNESSES\Hamilton_Federalist\derived\Hamilton_Federalist_cps_sentences_v1.jsonl"
"C0098"	"F01.jsonl"	"READY_CPS_JSONL"	"C:\OCRWork\MACHINE\WITNESSES\Hamilton_Mythology\derived\Hamilton_Mythology_cps_sentences_ready_v1.jsonl"
"C0098"	"F02.jsonl"	"CPS_JSONL"	"C:\OCRWork\MACHINE\WITNESSES\Hamilton_Mythology\derived\Hamilton_Mythology_cps_sentences_v1.jsonl"
"C0099"	"F01.jsonl"	"READY_CPS_JSONL"	"C:\OCRWork\MACHINE\WITNESSES\Harpending_10\derived\Harpending_10_cps_sentences_ready_v1.jsonl"
"C0099"	"F02.jsonl"	"CPS_JSONL"	"C:\OCRWork\MACHINE\WITNESSES\Harpending_10\derived\Harpending_10_cps_sentences_v1.jsonl"
"C0100"	"F01.jsonl"	"READY_CPS_JSONL"	"C:\OCRWork\MACHINE\WITNESSES\Harris_Lying\derived\Harris_Lying_cps_sentences_ready_v1.jsonl"
"C0100"	"F02.jsonl"	"CPS_JSONL"	"C:\OCRWork\MACHINE\WITNESSES\Harris_Lying\derived\Harris_Lying_cps_sentences_v1.jsonl"
"C0101"	"F01.jsonl"	"READY_CPS_JSONL"	"C:\OCRWork\MACHINE\WITNESSES\Hayek_Road\derived\Hayek_Road_cps_sentences_ready_v1.jsonl"
"C0101"	"F02.jsonl"	"CPS_JSONL"	"C:\OCRWork\MACHINE\WITNESSES\Hayek_Road\derived\Hayek_Road_cps_sentences_v1.jsonl"
"C0102"	"F01.jsonl"	"READY_CPS_JSONL"	"C:\OCRWork\MACHINE\WITNESSES\Herodotus_Histories\derived\Herodotus_Histories_cps_sentences_ready_v1.jsonl"
"C0102"	"F02.jsonl"	"CPS_JSONL"	"C:\OCRWork\MACHINE\WITNESSES\Herodotus_Histories\derived\Herodotus_Histories_cps_sentences_v1.jsonl"
"C0103"	"F01.jsonl"	"READY_CPS_JSONL"	"C:\OCRWork\MACHINE\WITNESSES\hitler_s_war_and_the_war_path_1933_1945_irving_d_824f7568\derived\hitler_s_war_and_the_war_path_1933_1945_irving_d_824f7568_cps_sentences_ready_v1.jsonl"
"C0103"	"F02.jsonl"	"CPS_JSONL"	"C:\OCRWork\MACHINE\WITNESSES\hitler_s_war_and_the_war_path_1933_1945_irving_d_824f7568\derived\hitler_s_war_and_the_war_path_1933_1945_irving_d_824f7568_cps_sentences_v1.jsonl"
"C0104"	"F01.jsonl"	"READY_CPS_JSONL"	"C:\OCRWork\MACHINE\WITNESSES\hitler_s_war_david_irving_volume_2_1977_the_viki_7e49bf9c\derived\hitler_s_war_david_irving_volume_2_1977_the_viki_7e49bf9c_cps_sentences_ready_v1.jsonl"
"C0104"	"F02.jsonl"	"CPS_JSONL"	"C:\OCRWork\MACHINE\WITNESSES\hitler_s_war_david_irving_volume_2_1977_the_viki_7e49bf9c\derived\hitler_s_war_david_irving_volume_2_1977_the_viki_7e49bf9c_cps_sentences_v1.jsonl"
"C0105"	"F01.jsonl"	"READY_CPS_JSONL"	"C:\OCRWork\MACHINE\WITNESSES\how_great_generals_win_a_military_historian_appr_f351a64b\derived\how_great_generals_win_a_military_historian_appr_f351a64b_cps_sentences_ready_v1.jsonl"
"C0105"	"F02.jsonl"	"CPS_JSONL"	"C:\OCRWork\MACHINE\WITNESSES\how_great_generals_win_a_military_historian_appr_f351a64b\derived\how_great_generals_win_a_military_historian_appr_f351a64b_cps_sentences_v1.jsonl"
"C0106"	"F01.jsonl"	"READY_CPS_JSONL"	"C:\OCRWork\MACHINE\WITNESSES\how_wars_are_won_the_13_rules_of_war_from_ancien_9db27618\derived\how_wars_are_won_the_13_rules_of_war_from_ancien_9db27618_cps_sentences_ready_v1.jsonl"
"C0106"	"F02.jsonl"	"CPS_JSONL"	"C:\OCRWork\MACHINE\WITNESSES\how_wars_are_won_the_13_rules_of_war_from_ancien_9db27618\derived\how_wars_are_won_the_13_rules_of_war_from_ancien_9db27618_cps_sentences_v1.jsonl"
"C0107"	"F01.jsonl"	"READY_CPS_JSONL"	"C:\OCRWork\MACHINE\WITNESSES\human_fertility_in_russia_since_the_nineteenth_c_59a3715c\derived\human_fertility_in_russia_since_the_nineteenth_c_59a3715c_cps_sentences_ready_v1.jsonl"
"C0107"	"F02.jsonl"	"CPS_JSONL"	"C:\OCRWork\MACHINE\WITNESSES\human_fertility_in_russia_since_the_nineteenth_c_59a3715c\derived\human_fertility_in_russia_since_the_nineteenth_c_59a3715c_cps_sentences_v1.jsonl"
"C0108"	"F01.jsonl"	"READY_CPS_JSONL"	"C:\OCRWork\MACHINE\WITNESSES\Hume_Essays\derived\Hume_Essays_cps_sentences_ready_v1.jsonl"
"C0108"	"F02.jsonl"	"CPS_JSONL"	"C:\OCRWork\MACHINE\WITNESSES\Hume_Essays\derived\Hume_Essays_cps_sentences_v1.jsonl"
"C0109"	"F01.jsonl"	"READY_CPS_JSONL"	"C:\OCRWork\MACHINE\WITNESSES\imperium_francis_parker_yockey_https_berserker_biz_b9411d4bf9fbc4cda1301af43996e\derived\imperium_francis_parker_yockey_https_berserker_biz_b9411d4bf9fbc4cda1301af43996e_cps_sentences_ready_v1.jsonl"
"C0109"	"F02.jsonl"	"CPS_JSONL"	"C:\OCRWork\MACHINE\WITNESSES\imperium_francis_parker_yockey_https_berserker_biz_b9411d4bf9fbc4cda1301af43996e\derived\imperium_francis_parker_yockey_https_berserker_biz_b9411d4bf9fbc4cda1301af43996e_cps_sentences_v1.jsonl"
"C0110"	"F01.jsonl"	"READY_CPS_JSONL"	"C:\OCRWork\MACHINE\WITNESSES\in_our_hands_a_plan_to_replace_the_welfare_state_29bdee3c\derived\in_our_hands_a_plan_to_replace_the_welfare_state_29bdee3c_cps_sentences_ready_v1.jsonl"
"C0110"	"F02.jsonl"	"CPS_JSONL"	"C:\OCRWork\MACHINE\WITNESSES\in_our_hands_a_plan_to_replace_the_welfare_state_29bdee3c\derived\in_our_hands_a_plan_to_replace_the_welfare_state_29bdee3c_cps_sentences_v1.jsonl"
"C0111"	"F01.jsonl"	"READY_CPS_JSONL"	"C:\OCRWork\MACHINE\WITNESSES\in_pursuit_of_happiness_and_good_government_char_d53d2c2f\derived\in_pursuit_of_happiness_and_good_government_char_d53d2c2f_cps_sentences_ready_v1.jsonl"
"C0111"	"F02.jsonl"	"CPS_JSONL"	"C:\OCRWork\MACHINE\WITNESSES\in_pursuit_of_happiness_and_good_government_char_d53d2c2f\derived\in_pursuit_of_happiness_and_good_government_char_d53d2c2f_cps_sentences_v1.jsonl"
"C0112"	"F01.jsonl"	"READY_CPS_JSONL"	"C:\OCRWork\MACHINE\WITNESSES\individualism_and_the_western_liberal_tradition_28ddaa63\derived\individualism_and_the_western_liberal_tradition_28ddaa63_cps_sentences_ready_v1.jsonl"
"C0112"	"F02.jsonl"	"CPS_JSONL"	"C:\OCRWork\MACHINE\WITNESSES\individualism_and_the_western_liberal_tradition_28ddaa63\derived\individualism_and_the_western_liberal_tradition_28ddaa63_cps_sentences_v1.jsonl"
"C0113"	"F01.jsonl"	"READY_CPS_JSONL"	"C:\OCRWork\MACHINE\WITNESSES\industrialization_in_the_low_countries_1795_1850_a561f3c4\derived\industrialization_in_the_low_countries_1795_1850_a561f3c4_cps_sentences_ready_v1.jsonl"
"C0113"	"F02.jsonl"	"CPS_JSONL"	"C:\OCRWork\MACHINE\WITNESSES\industrialization_in_the_low_countries_1795_1850_a561f3c4\derived\industrialization_in_the_low_countries_1795_1850_a561f3c4_cps_sentences_v1.jsonl"
"C0114"	"F01.jsonl"	"READY_CPS_JSONL"	"C:\OCRWork\MACHINE\WITNESSES\inventing_the_individual_the_origins_of_western_7394d886\derived\inventing_the_individual_the_origins_of_western_7394d886_cps_sentences_ready_v1.jsonl"
"C0114"	"F02.jsonl"	"CPS_JSONL"	"C:\OCRWork\MACHINE\WITNESSES\inventing_the_individual_the_origins_of_western_7394d886\derived\inventing_the_individual_the_origins_of_western_7394d886_cps_sentences_v1.jsonl"
"C0115"	"F01.jsonl"	"READY_CPS_JSONL"	"C:\OCRWork\MACHINE\WITNESSES\IRA Green Book\derived\IRA Green Book_cps_sentences_ready_v1.jsonl"
"C0115"	"F02.jsonl"	"CPS_JSONL"	"C:\OCRWork\MACHINE\WITNESSES\IRA Green Book\derived\IRA Green Book_cps_sentences_v1.jsonl"
"C0116"	"F01.jsonl"	"READY_CPS_JSONL"	"C:\OCRWork\MACHINE\WITNESSES\Jenks_A_History\derived\Jenks_A_History_cps_sentences_ready_v1.jsonl"
"C0116"	"F02.jsonl"	"CPS_JSONL"	"C:\OCRWork\MACHINE\WITNESSES\Jenks_A_History\derived\Jenks_A_History_cps_sentences_v1.jsonl"
"C0117"	"F01.jsonl"	"READY_CPS_JSONL"	"C:\OCRWork\MACHINE\WITNESSES\joel_mokyr_the_lever_of_riches_technological_cre_8928f461\derived\joel_mokyr_the_lever_of_riches_technological_cre_8928f461_cps_sentences_ready_v1.jsonl"
"C0117"	"F02.jsonl"	"CPS_JSONL"	"C:\OCRWork\MACHINE\WITNESSES\joel_mokyr_the_lever_of_riches_technological_cre_8928f461\derived\joel_mokyr_the_lever_of_riches_technological_cre_8928f461_cps_sentences_v1.jsonl"
"C0118"	"F01.jsonl"	"READY_CPS_JSONL"	"C:\OCRWork\MACHINE\WITNESSES\Jomini\derived\Jomini_cps_sentences_ready_v1.jsonl"
"C0118"	"F02.jsonl"	"CPS_JSONL"	"C:\OCRWork\MACHINE\WITNESSES\Jomini\derived\Jomini_cps_sentences_v1.jsonl"
"C0119"	"F01.jsonl"	"READY_CPS_JSONL"	"C:\OCRWork\MACHINE\WITNESSES\Jung_13\derived\Jung_13_cps_sentences_ready_v1.jsonl"
"C0119"	"F02.jsonl"	"CPS_JSONL"	"C:\OCRWork\MACHINE\WITNESSES\Jung_13\derived\Jung_13_cps_sentences_v1.jsonl"
"C0120"	"F01.jsonl"	"READY_CPS_JSONL"	"C:\OCRWork\MACHINE\WITNESSES\Jung_16\derived\Jung_16_cps_sentences_ready_v1.jsonl"
"C0120"	"F02.jsonl"	"CPS_JSONL"	"C:\OCRWork\MACHINE\WITNESSES\Jung_16\derived\Jung_16_cps_sentences_v1.jsonl"
"C0121"	"F01.jsonl"	"READY_CPS_JSONL"	"C:\OCRWork\MACHINE\WITNESSES\Jung_5\derived\Jung_5_cps_sentences_ready_v1.jsonl"
"C0121"	"F02.jsonl"	"CPS_JSONL"	"C:\OCRWork\MACHINE\WITNESSES\Jung_5\derived\Jung_5_cps_sentences_v1.jsonl"
"C0122"	"F01.jsonl"	"READY_CPS_JSONL"	"C:\OCRWork\MACHINE\WITNESSES\Jung_9i\derived\Jung_9i_cps_sentences_ready_v1.jsonl"
"C0122"	"F02.jsonl"	"CPS_JSONL"	"C:\OCRWork\MACHINE\WITNESSES\Jung_9i\derived\Jung_9i_cps_sentences_v1.jsonl"
"C0123"	"F01.jsonl"	"READY_CPS_JSONL"	"C:\OCRWork\MACHINE\WITNESSES\Jung_9ii\derived\Jung_9ii_cps_sentences_ready_v1.jsonl"
"C0123"	"F02.jsonl"	"CPS_JSONL"	"C:\OCRWork\MACHINE\WITNESSES\Jung_9ii\derived\Jung_9ii_cps_sentences_v1.jsonl"
"C0124"	"F01.jsonl"	"READY_CPS_JSONL"	"C:\OCRWork\MACHINE\WITNESSES\Jung_Collected\derived\Jung_Collected_cps_sentences_ready_v1.jsonl"
"C0124"	"F02.jsonl"	"CPS_JSONL"	"C:\OCRWork\MACHINE\WITNESSES\Jung_Collected\derived\Jung_Collected_cps_sentences_v1.jsonl"
"C0125"	"F01.jsonl"	"READY_CPS_JSONL"	"C:\OCRWork\MACHINE\WITNESSES\justinian_emperor_soldier_saint_peter_sarris_202_50f48483\derived\justinian_emperor_soldier_saint_peter_sarris_202_50f48483_cps_sentences_ready_v1.jsonl"
"C0125"	"F02.jsonl"	"CPS_JSONL"	"C:\OCRWork\MACHINE\WITNESSES\justinian_emperor_soldier_saint_peter_sarris_202_50f48483\derived\justinian_emperor_soldier_saint_peter_sarris_202_50f48483_cps_sentences_v1.jsonl"
"C0126"	"F01.jsonl"	"READY_CPS_JSONL"	"C:\OCRWork\MACHINE\WITNESSES\Kautilya_The\derived\Kautilya_The_cps_sentences_ready_v1.jsonl"
"C0126"	"F02.jsonl"	"CPS_JSONL"	"C:\OCRWork\MACHINE\WITNESSES\Kautilya_The\derived\Kautilya_The_cps_sentences_v1.jsonl"
"C0127"	"F01.jsonl"	"READY_CPS_JSONL"	"C:\OCRWork\MACHINE\WITNESSES\Keynes_The_Economic\derived\Keynes_The_Economic_cps_sentences_ready_v1.jsonl"
"C0127"	"F02.jsonl"	"CPS_JSONL"	"C:\OCRWork\MACHINE\WITNESSES\Keynes_The_Economic\derived\Keynes_The_Economic_cps_sentences_v1.jsonl"
"C0128"	"F01.jsonl"	"READY_CPS_JSONL"	"C:\OCRWork\MACHINE\WITNESSES\Koran\derived\Koran_cps_sentences_ready_v1.jsonl"
"C0128"	"F02.jsonl"	"CPS_JSONL"	"C:\OCRWork\MACHINE\WITNESSES\Koran\derived\Koran_cps_sentences_v1.jsonl"
"C0129"	"F01.jsonl"	"READY_CPS_JSONL"	"C:\OCRWork\MACHINE\WITNESSES\Laslett_The_World\derived\Laslett_The_World_cps_sentences_ready_v1.jsonl"
"C0129"	"F02.jsonl"	"CPS_JSONL"	"C:\OCRWork\MACHINE\WITNESSES\Laslett_The_World\derived\Laslett_The_World_cps_sentences_v1.jsonl"
"C0130"	"F01.jsonl"	"READY_CPS_JSONL"	"C:\OCRWork\MACHINE\WITNESSES\laying_down_the_law_robin_creyke_david_hamer_pat_12b713f3\derived\laying_down_the_law_robin_creyke_david_hamer_pat_12b713f3_cps_sentences_ready_v1.jsonl"
"C0130"	"F02.jsonl"	"CPS_JSONL"	"C:\OCRWork\MACHINE\WITNESSES\laying_down_the_law_robin_creyke_david_hamer_pat_12b713f3\derived\laying_down_the_law_robin_creyke_david_hamer_pat_12b713f3_cps_sentences_v1.jsonl"
"C0131"	"F01.jsonl"	"READY_CPS_JSONL"	"C:\OCRWork\MACHINE\WITNESSES\Le_Bon_The-Crowd\derived\Le_Bon_The-Crowd_cps_sentences_ready_v1.jsonl"
"C0131"	"F02.jsonl"	"CPS_JSONL"	"C:\OCRWork\MACHINE\WITNESSES\Le_Bon_The-Crowd\derived\Le_Bon_The-Crowd_cps_sentences_v1.jsonl"
"C0132"	"F01.jsonl"	"READY_CPS_JSONL"	"C:\OCRWork\MACHINE\WITNESSES\Lee_C\derived\Lee_C_cps_sentences_ready_v1.jsonl"
"C0132"	"F02.jsonl"	"CPS_JSONL"	"C:\OCRWork\MACHINE\WITNESSES\Lee_C\derived\Lee_C_cps_sentences_v1.jsonl"
"C0133"	"F01.jsonl"	"READY_CPS_JSONL"	"C:\OCRWork\MACHINE\WITNESSES\legal_terminology_west_legal_studies_brown_s_whi_f5560e2c\derived\legal_terminology_west_legal_studies_brown_s_whi_f5560e2c_cps_sentences_ready_v1.jsonl"
"C0133"	"F02.jsonl"	"CPS_JSONL"	"C:\OCRWork\MACHINE\WITNESSES\legal_terminology_west_legal_studies_brown_s_whi_f5560e2c\derived\legal_terminology_west_legal_studies_brown_s_whi_f5560e2c_cps_sentences_v1.jsonl"
"C0134"	"F01.jsonl"	"READY_CPS_JSONL"	"C:\OCRWork\MACHINE\WITNESSES\Liddell_Hart_Strategy\derived\Liddell_Hart_Strategy_cps_sentences_ready_v1.jsonl"
"C0134"	"F02.jsonl"	"CPS_JSONL"	"C:\OCRWork\MACHINE\WITNESSES\Liddell_Hart_Strategy\derived\Liddell_Hart_Strategy_cps_sentences_v1.jsonl"
"C0135"	"F01.jsonl"	"READY_CPS_JSONL"	"C:\OCRWork\MACHINE\WITNESSES\lineages_of_modernity_a_history_of_humanity_from_29662d74\derived\lineages_of_modernity_a_history_of_humanity_from_29662d74_cps_sentences_ready_v1.jsonl"
"C0135"	"F02.jsonl"	"CPS_JSONL"	"C:\OCRWork\MACHINE\WITNESSES\lineages_of_modernity_a_history_of_humanity_from_29662d74\derived\lineages_of_modernity_a_history_of_humanity_from_29662d74_cps_sentences_v1.jsonl"
"C0136"	"F01.jsonl"	"READY_CPS_JSONL"	"C:\OCRWork\MACHINE\WITNESSES\living_machines_bauhaus_architecture_as_sexual_i_277d3ace\derived\living_machines_bauhaus_architecture_as_sexual_i_277d3ace_cps_sentences_ready_v1.jsonl"
"C0136"	"F02.jsonl"	"CPS_JSONL"	"C:\OCRWork\MACHINE\WITNESSES\living_machines_bauhaus_architecture_as_sexual_i_277d3ace\derived\living_machines_bauhaus_architecture_as_sexual_i_277d3ace_cps_sentences_v1.jsonl"
"C0137"	"F01.jsonl"	"READY_CPS_JSONL"	"C:\OCRWork\MACHINE\WITNESSES\Locke_Second_Treatise\derived\Locke_Second_Treatise_cps_sentences_ready_v1.jsonl"
"C0137"	"F02.jsonl"	"CPS_JSONL"	"C:\OCRWork\MACHINE\WITNESSES\Locke_Second_Treatise\derived\Locke_Second_Treatise_cps_sentences_v1.jsonl"
"C0138"	"F01.jsonl"	"READY_CPS_JSONL"	"C:\OCRWork\MACHINE\WITNESSES\losing_ground_american_social_policy_1950_1980_1_8fa3850d\derived\losing_ground_american_social_policy_1950_1980_1_8fa3850d_cps_sentences_ready_v1.jsonl"
"C0138"	"F02.jsonl"	"CPS_JSONL"	"C:\OCRWork\MACHINE\WITNESSES\losing_ground_american_social_policy_1950_1980_1_8fa3850d\derived\losing_ground_american_social_policy_1950_1980_1_8fa3850d_cps_sentences_v1.jsonl"
"C0139"	"F01.jsonl"	"READY_CPS_JSONL"	"C:\OCRWork\MACHINE\WITNESSES\lying_about_hitler_history_holocaust_holocaust_a_dae93170\derived\lying_about_hitler_history_holocaust_holocaust_a_dae93170_cps_sentences_ready_v1.jsonl"
"C0139"	"F02.jsonl"	"CPS_JSONL"	"C:\OCRWork\MACHINE\WITNESSES\lying_about_hitler_history_holocaust_holocaust_a_dae93170\derived\lying_about_hitler_history_holocaust_holocaust_a_dae93170_cps_sentences_v1.jsonl"
"C0140"	"F01.jsonl"	"READY_CPS_JSONL"	"C:\OCRWork\MACHINE\WITNESSES\Machiavelli_The_Historic\derived\Machiavelli_The_Historic_cps_sentences_ready_v1.jsonl"
"C0140"	"F02.jsonl"	"CPS_JSONL"	"C:\OCRWork\MACHINE\WITNESSES\Machiavelli_The_Historic\derived\Machiavelli_The_Historic_cps_sentences_v1.jsonl"
"C0141"	"F01.jsonl"	"READY_CPS_JSONL"	"C:\OCRWork\MACHINE\WITNESSES\Mahan\derived\Mahan_cps_sentences_ready_v1.jsonl"
"C0141"	"F02.jsonl"	"CPS_JSONL"	"C:\OCRWork\MACHINE\WITNESSES\Mahan\derived\Mahan_cps_sentences_v1.jsonl"
"C0142"	"F01.jsonl"	"READY_CPS_JSONL"	"C:\OCRWork\MACHINE\WITNESSES\Maine_Ancient-Law\derived\Maine_Ancient-Law_cps_sentences_ready_v1.jsonl"
"C0142"	"F02.jsonl"	"CPS_JSONL"	"C:\OCRWork\MACHINE\WITNESSES\Maine_Ancient-Law\derived\Maine_Ancient-Law_cps_sentences_v1.jsonl"
"C0143"	"F01.jsonl"	"READY_CPS_JSONL"	"C:\OCRWork\MACHINE\WITNESSES\Makers of modern strategy _ from Machiavelli to the nuclear -- edited by Peter Paret with the collaboration of Gordon A_ -- Revised, 1986 -- Princeton -- 9780198200970 -- 43fdfcedbe65f08545b9f3f69af51ce0 -- Anna\derived\Makers of modern strategy _ from Machiavelli to the nuclear -- edited by Peter Paret with the collaboration of Gordon A_ -- Revised, 1986 -- Princeton -- 9780198200970 -- 43fdfcedbe65f08545b9f3f69af51ce0 -- Anna_cps_sentences_ready_v1.jsonl"
"C0143"	"F02.jsonl"	"CPS_JSONL"	"C:\OCRWork\MACHINE\WITNESSES\Makers of modern strategy _ from Machiavelli to the nuclear -- edited by Peter Paret with the collaboration of Gordon A_ -- Revised, 1986 -- Princeton -- 9780198200970 -- 43fdfcedbe65f08545b9f3f69af51ce0 -- Anna\derived\Makers of modern strategy _ from Machiavelli to the nuclear -- edited by Peter Paret with the collaboration of Gordon A_ -- Revised, 1986 -- Princeton -- 9780198200970 -- 43fdfcedbe65f08545b9f3f69af51ce0 -- Anna_cps_sentences_v1.jsonl"
"C0144"	"F01.jsonl"	"READY_CPS_JSONL"	"C:\OCRWork\MACHINE\WITNESSES\Malthus_An_Essay\derived\Malthus_An_Essay_cps_sentences_ready_v1.jsonl"
"C0144"	"F02.jsonl"	"CPS_JSONL"	"C:\OCRWork\MACHINE\WITNESSES\Malthus_An_Essay\derived\Malthus_An_Essay_cps_sentences_v1.jsonl"
"C0145"	"F01.jsonl"	"READY_CPS_JSONL"	"C:\OCRWork\MACHINE\WITNESSES\marriage_a_history_from_obedience_to_intimacy_or_072556b1\derived\marriage_a_history_from_obedience_to_intimacy_or_072556b1_cps_sentences_ready_v1.jsonl"
"C0145"	"F02.jsonl"	"CPS_JSONL"	"C:\OCRWork\MACHINE\WITNESSES\marriage_a_history_from_obedience_to_intimacy_or_072556b1\derived\marriage_a_history_from_obedience_to_intimacy_or_072556b1_cps_sentences_v1.jsonl"
"C0146"	"F01.jsonl"	"READY_CPS_JSONL"	"C:\OCRWork\MACHINE\WITNESSES\marriage_and_the_family_in_eurasia_perspectives_4e006f4b\derived\marriage_and_the_family_in_eurasia_perspectives_4e006f4b_cps_sentences_ready_v1.jsonl"
"C0146"	"F02.jsonl"	"CPS_JSONL"	"C:\OCRWork\MACHINE\WITNESSES\marriage_and_the_family_in_eurasia_perspectives_4e006f4b\derived\marriage_and_the_family_in_eurasia_perspectives_4e006f4b_cps_sentences_v1.jsonl"
"C0147"	"F01.jsonl"	"READY_CPS_JSONL"	"C:\OCRWork\MACHINE\WITNESSES\Martin_The\derived\Martin_The_cps_sentences_ready_v1.jsonl"
"C0147"	"F02.jsonl"	"CPS_JSONL"	"C:\OCRWork\MACHINE\WITNESSES\Martin_The\derived\Martin_The_cps_sentences_v1.jsonl"
"C0148"	"F01.jsonl"	"READY_CPS_JSONL"	"C:\OCRWork\MACHINE\WITNESSES\Marx_V1\derived\Marx_V1_cps_sentences_ready_v1.jsonl"
"C0148"	"F02.jsonl"	"CPS_JSONL"	"C:\OCRWork\MACHINE\WITNESSES\Marx_V1\derived\Marx_V1_cps_sentences_v1.jsonl"
"C0149"	"F01.jsonl"	"READY_CPS_JSONL"	"C:\OCRWork\MACHINE\WITNESSES\Marx_V2\derived\Marx_V2_cps_sentences_ready_v1.jsonl"
"C0149"	"F02.jsonl"	"CPS_JSONL"	"C:\OCRWork\MACHINE\WITNESSES\Marx_V2\derived\Marx_V2_cps_sentences_v1.jsonl"
"C0150"	"F01.jsonl"	"READY_CPS_JSONL"	"C:\OCRWork\MACHINE\WITNESSES\Marx_V3\derived\Marx_V3_cps_sentences_ready_v1.jsonl"
"C0150"	"F02.jsonl"	"CPS_JSONL"	"C:\OCRWork\MACHINE\WITNESSES\Marx_V3\derived\Marx_V3_cps_sentences_v1.jsonl"
"C0151"	"F01.jsonl"	"READY_CPS_JSONL"	"C:\OCRWork\MACHINE\WITNESSES\masters_of_war_classical_strategic_thought_micha_20a0ee65\derived\masters_of_war_classical_strategic_thought_micha_20a0ee65_cps_sentences_ready_v1.jsonl"
"C0151"	"F02.jsonl"	"CPS_JSONL"	"C:\OCRWork\MACHINE\WITNESSES\masters_of_war_classical_strategic_thought_micha_20a0ee65\derived\masters_of_war_classical_strategic_thought_micha_20a0ee65_cps_sentences_v1.jsonl"
"C0152"	"F01.jsonl"	"READY_CPS_JSONL"	"C:\OCRWork\MACHINE\WITNESSES\masters_of_war_classical_strategic_thought_micha_73418003\derived\masters_of_war_classical_strategic_thought_micha_73418003_cps_sentences_ready_v1.jsonl"
"C0152"	"F02.jsonl"	"CPS_JSONL"	"C:\OCRWork\MACHINE\WITNESSES\masters_of_war_classical_strategic_thought_micha_73418003\derived\masters_of_war_classical_strategic_thought_micha_73418003_cps_sentences_v1.jsonl"
"C0153"	"F01.jsonl"	"READY_CPS_JSONL"	"C:\OCRWork\MACHINE\WITNESSES\McDougall_The\derived\McDougall_The_cps_sentences_ready_v1.jsonl"
"C0153"	"F02.jsonl"	"CPS_JSONL"	"C:\OCRWork\MACHINE\WITNESSES\McDougall_The\derived\McDougall_The_cps_sentences_v1.jsonl"
"C0154"	"F01.jsonl"	"READY_CPS_JSONL"	"C:\OCRWork\MACHINE\WITNESSES\merriam_webster_s_dictionary_and_thesaurus_merri_2151a893\derived\merriam_webster_s_dictionary_and_thesaurus_merri_2151a893_cps_sentences_ready_v1.jsonl"
"C0154"	"F02.jsonl"	"CPS_JSONL"	"C:\OCRWork\MACHINE\WITNESSES\merriam_webster_s_dictionary_and_thesaurus_merri_2151a893\derived\merriam_webster_s_dictionary_and_thesaurus_merri_2151a893_cps_sentences_v1.jsonl"
"C0155"	"F01.jsonl"	"READY_CPS_JSONL"	"C:\OCRWork\MACHINE\WITNESSES\merriam_webster_s_dictionary_of_law_merriam_webs_7772de0d\derived\merriam_webster_s_dictionary_of_law_merriam_webs_7772de0d_cps_sentences_ready_v1.jsonl"
"C0155"	"F02.jsonl"	"CPS_JSONL"	"C:\OCRWork\MACHINE\WITNESSES\merriam_webster_s_dictionary_of_law_merriam_webs_7772de0d\derived\merriam_webster_s_dictionary_of_law_merriam_webs_7772de0d_cps_sentences_v1.jsonl"
"C0156"	"F01.jsonl"	"READY_CPS_JSONL"	"C:\OCRWork\MACHINE\WITNESSES\merriam_webster_s_dictionary_of_synonyms_a_dicti_8466273f\derived\merriam_webster_s_dictionary_of_synonyms_a_dicti_8466273f_cps_sentences_ready_v1.jsonl"
"C0156"	"F02.jsonl"	"CPS_JSONL"	"C:\OCRWork\MACHINE\WITNESSES\merriam_webster_s_dictionary_of_synonyms_a_dicti_8466273f\derived\merriam_webster_s_dictionary_of_synonyms_a_dicti_8466273f_cps_sentences_v1.jsonl"
"C0157"	"F01.jsonl"	"READY_CPS_JSONL"	"C:\OCRWork\MACHINE\WITNESSES\merriam_webster_s_first_dictionary_ruth_heller_1_7df2d819\derived\merriam_webster_s_first_dictionary_ruth_heller_1_7df2d819_cps_sentences_ready_v1.jsonl"
"C0157"	"F02.jsonl"	"CPS_JSONL"	"C:\OCRWork\MACHINE\WITNESSES\merriam_webster_s_first_dictionary_ruth_heller_1_7df2d819\derived\merriam_webster_s_first_dictionary_ruth_heller_1_7df2d819_cps_sentences_v1.jsonl"
"C0158"	"F01.jsonl"	"READY_CPS_JSONL"	"C:\OCRWork\MACHINE\WITNESSES\Mill_On_Liberty\derived\Mill_On_Liberty_cps_sentences_ready_v1.jsonl"
"C0158"	"F02.jsonl"	"CPS_JSONL"	"C:\OCRWork\MACHINE\WITNESSES\Mill_On_Liberty\derived\Mill_On_Liberty_cps_sentences_v1.jsonl"
"C0159"	"F01.jsonl"	"READY_CPS_JSONL"	"C:\OCRWork\MACHINE\WITNESSES\millennials_go_to_college_strategies_for_a_new_g_6f217c02\derived\millennials_go_to_college_strategies_for_a_new_g_6f217c02_cps_sentences_ready_v1.jsonl"
"C0159"	"F02.jsonl"	"CPS_JSONL"	"C:\OCRWork\MACHINE\WITNESSES\millennials_go_to_college_strategies_for_a_new_g_6f217c02\derived\millennials_go_to_college_strategies_for_a_new_g_6f217c02_cps_sentences_v1.jsonl"
"C0160"	"F01.jsonl"	"READY_CPS_JSONL"	"C:\OCRWork\MACHINE\WITNESSES\Mises_Human\derived\Mises_Human_cps_sentences_ready_v1.jsonl"
"C0160"	"F02.jsonl"	"CPS_JSONL"	"C:\OCRWork\MACHINE\WITNESSES\Mises_Human\derived\Mises_Human_cps_sentences_v1.jsonl"
"C0161"	"F01.jsonl"	"READY_CPS_JSONL"	"C:\OCRWork\MACHINE\WITNESSES\Moltke_Essays\derived\Moltke_Essays_cps_sentences_ready_v1.jsonl"
"C0161"	"F02.jsonl"	"CPS_JSONL"	"C:\OCRWork\MACHINE\WITNESSES\Moltke_Essays\derived\Moltke_Essays_cps_sentences_v1.jsonl"
"C0162"	"F01.jsonl"	"READY_CPS_JSONL"	"C:\OCRWork\MACHINE\WITNESSES\Moncrieff_Classic\derived\Moncrieff_Classic_cps_sentences_ready_v1.jsonl"
"C0162"	"F02.jsonl"	"CPS_JSONL"	"C:\OCRWork\MACHINE\WITNESSES\Moncrieff_Classic\derived\Moncrieff_Classic_cps_sentences_v1.jsonl"
"C0163"	"F01.jsonl"	"READY_CPS_JSONL"	"C:\OCRWork\MACHINE\WITNESSES\Montesquieu_The_Spirit\derived\Montesquieu_The_Spirit_cps_sentences_ready_v1.jsonl"
"C0163"	"F02.jsonl"	"CPS_JSONL"	"C:\OCRWork\MACHINE\WITNESSES\Montesquieu_The_Spirit\derived\Montesquieu_The_Spirit_cps_sentences_v1.jsonl"
"C0164"	"F01.jsonl"	"READY_CPS_JSONL"	"C:\OCRWork\MACHINE\WITNESSES\Mosca_Ruling\derived\Mosca_Ruling_cps_sentences_ready_v1.jsonl"
"C0164"	"F02.jsonl"	"CPS_JSONL"	"C:\OCRWork\MACHINE\WITNESSES\Mosca_Ruling\derived\Mosca_Ruling_cps_sentences_v1.jsonl"
"C0165"	"F01.jsonl"	"READY_CPS_JSONL"	"C:\OCRWork\MACHINE\WITNESSES\Murray_Bell\derived\Murray_Bell_cps_sentences_ready_v1.jsonl"
"C0165"	"F02.jsonl"	"CPS_JSONL"	"C:\OCRWork\MACHINE\WITNESSES\Murray_Bell\derived\Murray_Bell_cps_sentences_v1.jsonl"
"C0166"	"F01.jsonl"	"READY_CPS_JSONL"	"C:\OCRWork\MACHINE\WITNESSES\Murray_Human\derived\Murray_Human_cps_sentences_ready_v1.jsonl"
"C0166"	"F02.jsonl"	"CPS_JSONL"	"C:\OCRWork\MACHINE\WITNESSES\Murray_Human\derived\Murray_Human_cps_sentences_v1.jsonl"
"C0167"	"F01.jsonl"	"READY_CPS_JSONL"	"C:\OCRWork\MACHINE\WITNESSES\new_estimates_of_fertility_and_population_in_the_33219bef\derived\new_estimates_of_fertility_and_population_in_the_33219bef_cps_sentences_ready_v1.jsonl"
"C0167"	"F02.jsonl"	"CPS_JSONL"	"C:\OCRWork\MACHINE\WITNESSES\new_estimates_of_fertility_and_population_in_the_33219bef\derived\new_estimates_of_fertility_and_population_in_the_33219bef_cps_sentences_v1.jsonl"
"C0168"	"F01.jsonl"	"READY_CPS_JSONL"	"C:\OCRWork\MACHINE\WITNESSES\new_roget_s_thesaurus_and_webster_s_dictionary_p_4bf100a2\derived\new_roget_s_thesaurus_and_webster_s_dictionary_p_4bf100a2_cps_sentences_ready_v1.jsonl"
"C0168"	"F02.jsonl"	"CPS_JSONL"	"C:\OCRWork\MACHINE\WITNESSES\new_roget_s_thesaurus_and_webster_s_dictionary_p_4bf100a2\derived\new_roget_s_thesaurus_and_webster_s_dictionary_p_4bf100a2_cps_sentences_v1.jsonl"
"C0169"	"F01.jsonl"	"READY_CPS_JSONL"	"C:\OCRWork\MACHINE\WITNESSES\new_webster_s_dictionary_of_the_english_language_7b2916c6\derived\new_webster_s_dictionary_of_the_english_language_7b2916c6_cps_sentences_ready_v1.jsonl"
"C0169"	"F02.jsonl"	"CPS_JSONL"	"C:\OCRWork\MACHINE\WITNESSES\new_webster_s_dictionary_of_the_english_language_7b2916c6\derived\new_webster_s_dictionary_of_the_english_language_7b2916c6_cps_sentences_v1.jsonl"
"C0170"	"F01.jsonl"	"READY_CPS_JSONL"	"C:\OCRWork\MACHINE\WITNESSES\NIETZSCHE_On_The\derived\NIETZSCHE_On_The_cps_sentences_ready_v1.jsonl"
"C0170"	"F02.jsonl"	"CPS_JSONL"	"C:\OCRWork\MACHINE\WITNESSES\NIETZSCHE_On_The\derived\NIETZSCHE_On_The_cps_sentences_v1.jsonl"
"C0171"	"F01.jsonl"	"READY_CPS_JSONL"	"C:\OCRWork\MACHINE\WITNESSES\Nisbet_Quest\derived\Nisbet_Quest_cps_sentences_ready_v1.jsonl"
"C0171"	"F02.jsonl"	"CPS_JSONL"	"C:\OCRWork\MACHINE\WITNESSES\Nisbet_Quest\derived\Nisbet_Quest_cps_sentences_v1.jsonl"
"C0172"	"F01.jsonl"	"READY_CPS_JSONL"	"C:\OCRWork\MACHINE\WITNESSES\nuremberg_the_last_battle_david_irving_walter_fr_10068129\derived\nuremberg_the_last_battle_david_irving_walter_fr_10068129_cps_sentences_ready_v1.jsonl"
"C0172"	"F02.jsonl"	"CPS_JSONL"	"C:\OCRWork\MACHINE\WITNESSES\nuremberg_the_last_battle_david_irving_walter_fr_10068129\derived\nuremberg_the_last_battle_david_irving_walter_fr_10068129_cps_sentences_v1.jsonl"
"C0173"	"F01.jsonl"	"READY_CPS_JSONL"	"C:\OCRWork\MACHINE\WITNESSES\On the Origins of War and the Preservation of Peace -- Donald Kagan -- New York, New York State, 1995 -- Bantam Doubleday Dell Books for Young Readers -- 9780091791797 -- 45ccf98d0f06f58e80707cdd0b99d86c -- Anna\derived\On the Origins of War and the Preservation of Peace -- Donald Kagan -- New York, New York State, 1995 -- Bantam Doubleday Dell Books for Young Readers -- 9780091791797 -- 45ccf98d0f06f58e80707cdd0b99d86c -- Anna_cps_sentences_ready_v1.jsonl"
"C0173"	"F02.jsonl"	"CPS_JSONL"	"C:\OCRWork\MACHINE\WITNESSES\On the Origins of War and the Preservation of Peace -- Donald Kagan -- New York, New York State, 1995 -- Bantam Doubleday Dell Books for Young Readers -- 9780091791797 -- 45ccf98d0f06f58e80707cdd0b99d86c -- Anna\derived\On the Origins of War and the Preservation of Peace -- Donald Kagan -- New York, New York State, 1995 -- Bantam Doubleday Dell Books for Young Readers -- 9780091791797 -- 45ccf98d0f06f58e80707cdd0b99d86c -- Anna_cps_sentences_v1.jsonl"
"C0174"	"F01.jsonl"	"READY_CPS_JSONL"	"C:\OCRWork\MACHINE\WITNESSES\on_power_its_nature_and_the_history_of_its_growt_17caf6d0\derived\on_power_its_nature_and_the_history_of_its_growt_17caf6d0_cps_sentences_ready_v1.jsonl"
"C0174"	"F02.jsonl"	"CPS_JSONL"	"C:\OCRWork\MACHINE\WITNESSES\on_power_its_nature_and_the_history_of_its_growt_17caf6d0\derived\on_power_its_nature_and_the_history_of_its_growt_17caf6d0_cps_sentences_v1.jsonl"
"C0175"	"F01.jsonl"	"READY_CPS_JSONL"	"C:\OCRWork\MACHINE\WITNESSES\Orthodox_Confession\derived\Orthodox_Confession_cps_sentences_ready_v1.jsonl"
"C0175"	"F02.jsonl"	"CPS_JSONL"	"C:\OCRWork\MACHINE\WITNESSES\Orthodox_Confession\derived\Orthodox_Confession_cps_sentences_v1.jsonl"
"C0176"	"F01.jsonl"	"READY_CPS_JSONL"	"C:\OCRWork\MACHINE\WITNESSES\Orthodox2\derived\Orthodox2_cps_sentences_ready_v1.jsonl"
"C0176"	"F02.jsonl"	"CPS_JSONL"	"C:\OCRWork\MACHINE\WITNESSES\Orthodox2\derived\Orthodox2_cps_sentences_v1.jsonl"
"C0177"	"F01.jsonl"	"READY_CPS_JSONL"	"C:\OCRWork\MACHINE\WITNESSES\Orthodox-Dogmatic-Theology\derived\Orthodox-Dogmatic-Theology_cps_sentences_ready_v1.jsonl"
"C0177"	"F02.jsonl"	"CPS_JSONL"	"C:\OCRWork\MACHINE\WITNESSES\Orthodox-Dogmatic-Theology\derived\Orthodox-Dogmatic-Theology_cps_sentences_v1.jsonl"
"C0178"	"F01.jsonl"	"READY_CPS_JSONL"	"C:\OCRWork\MACHINE\WITNESSES\Orwell_Political\derived\Orwell_Political_cps_sentences_ready_v1.jsonl"
"C0178"	"F02.jsonl"	"CPS_JSONL"	"C:\OCRWork\MACHINE\WITNESSES\Orwell_Political\derived\Orwell_Political_cps_sentences_v1.jsonl"
"C0179"	"F01.jsonl"	"READY_CPS_JSONL"	"C:\OCRWork\MACHINE\WITNESSES\Paine_Common\derived\Paine_Common_cps_sentences_ready_v1.jsonl"
"C0179"	"F02.jsonl"	"CPS_JSONL"	"C:\OCRWork\MACHINE\WITNESSES\Paine_Common\derived\Paine_Common_cps_sentences_v1.jsonl"
"C0180"	"F01.jsonl"	"READY_CPS_JSONL"	"C:\OCRWork\MACHINE\WITNESSES\Pareto_The_Mind\derived\Pareto_The_Mind_cps_sentences_ready_v1.jsonl"
"C0180"	"F02.jsonl"	"CPS_JSONL"	"C:\OCRWork\MACHINE\WITNESSES\Pareto_The_Mind\derived\Pareto_The_Mind_cps_sentences_v1.jsonl"
"C0181"	"F01.jsonl"	"READY_CPS_JSONL"	"C:\OCRWork\MACHINE\WITNESSES\Pirenne_Economic\derived\Pirenne_Economic_cps_sentences_ready_v1.jsonl"
"C0181"	"F02.jsonl"	"CPS_JSONL"	"C:\OCRWork\MACHINE\WITNESSES\Pirenne_Economic\derived\Pirenne_Economic_cps_sentences_v1.jsonl"
"C0182"	"F01.jsonl"	"READY_CPS_JSONL"	"C:\OCRWork\MACHINE\WITNESSES\plague_and_the_end_of_antiquity_the_pandemic_of_d062b620\derived\plague_and_the_end_of_antiquity_the_pandemic_of_d062b620_cps_sentences_ready_v1.jsonl"
"C0182"	"F02.jsonl"	"CPS_JSONL"	"C:\OCRWork\MACHINE\WITNESSES\plague_and_the_end_of_antiquity_the_pandemic_of_d062b620\derived\plague_and_the_end_of_antiquity_the_pandemic_of_d062b620_cps_sentences_v1.jsonl"
"C0183"	"F01.jsonl"	"READY_CPS_JSONL"	"C:\OCRWork\MACHINE\WITNESSES\Plato_The_Republic\derived\Plato_The_Republic_cps_sentences_ready_v1.jsonl"
"C0183"	"F02.jsonl"	"CPS_JSONL"	"C:\OCRWork\MACHINE\WITNESSES\Plato_The_Republic\derived\Plato_The_Republic_cps_sentences_v1.jsonl"
"C0184"	"F01.jsonl"	"READY_CPS_JSONL"	"C:\OCRWork\MACHINE\WITNESSES\Polanyi_Full\derived\Polanyi_Full_cps_sentences_ready_v1.jsonl"
"C0184"	"F02.jsonl"	"CPS_JSONL"	"C:\OCRWork\MACHINE\WITNESSES\Polanyi_Full\derived\Polanyi_Full_cps_sentences_v1.jsonl"
"C0185"	"F01.jsonl"	"READY_CPS_JSONL"	"C:\OCRWork\MACHINE\WITNESSES\Polanyi_Great\derived\Polanyi_Great_cps_sentences_ready_v1.jsonl"
"C0185"	"F02.jsonl"	"CPS_JSONL"	"C:\OCRWork\MACHINE\WITNESSES\Polanyi_Great\derived\Polanyi_Great_cps_sentences_v1.jsonl"
"C0186"	"F01.jsonl"	"READY_CPS_JSONL"	"C:\OCRWork\MACHINE\WITNESSES\Polanyi_Science\derived\Polanyi_Science_cps_sentences_ready_v1.jsonl"
"C0186"	"F02.jsonl"	"CPS_JSONL"	"C:\OCRWork\MACHINE\WITNESSES\Polanyi_Science\derived\Polanyi_Science_cps_sentences_v1.jsonl"
"C0187"	"F01.jsonl"	"READY_CPS_JSONL"	"C:\OCRWork\MACHINE\WITNESSES\political_order_and_political_decay_from_the_industrial_fukuyama_francis_author\derived\political_order_and_political_decay_from_the_industrial_fukuyama_francis_author_cps_sentences_ready_v1.jsonl"
"C0187"	"F02.jsonl"	"CPS_JSONL"	"C:\OCRWork\MACHINE\WITNESSES\political_order_and_political_decay_from_the_industrial_fukuyama_francis_author\derived\political_order_and_political_decay_from_the_industrial_fukuyama_francis_author_cps_sentences_v1.jsonl"
"C0188"	"F01.jsonl"	"READY_CPS_JSONL"	"C:\OCRWork\MACHINE\WITNESSES\political_order_in_changing_societies_the_henry_d817bde6\derived\political_order_in_changing_societies_the_henry_d817bde6_cps_sentences_ready_v1.jsonl"
"C0188"	"F02.jsonl"	"CPS_JSONL"	"C:\OCRWork\MACHINE\WITNESSES\political_order_in_changing_societies_the_henry_d817bde6\derived\political_order_in_changing_societies_the_henry_d817bde6_cps_sentences_v1.jsonl"
"C0189"	"F01.jsonl"	"READY_CPS_JSONL"	"C:\OCRWork\MACHINE\WITNESSES\population_growth_and_economic_development_in_lo_c4eb843a\derived\population_growth_and_economic_development_in_lo_c4eb843a_cps_sentences_ready_v1.jsonl"
"C0189"	"F02.jsonl"	"CPS_JSONL"	"C:\OCRWork\MACHINE\WITNESSES\population_growth_and_economic_development_in_lo_c4eb843a\derived\population_growth_and_economic_development_in_lo_c4eb843a_cps_sentences_v1.jsonl"
"C0190"	"F01.jsonl"	"READY_CPS_JSONL"	"C:\OCRWork\MACHINE\WITNESSES\Protocols of the Learned Elders of Zion -- Henry Ford -- 2011 -- RiverCrest Publishing -- b4d556e642bd431396c3b9b09c145d17 -- Anna’s Archive\derived\Protocols of the Learned Elders of Zion -- Henry Ford -- 2011 -- RiverCrest Publishing -- b4d556e642bd431396c3b9b09c145d17 -- Anna’s Archive_cps_sentences_ready_v1.jsonl"
"C0190"	"F02.jsonl"	"CPS_JSONL"	"C:\OCRWork\MACHINE\WITNESSES\Protocols of the Learned Elders of Zion -- Henry Ford -- 2011 -- RiverCrest Publishing -- b4d556e642bd431396c3b9b09c145d17 -- Anna’s Archive\derived\Protocols of the Learned Elders of Zion -- Henry Ford -- 2011 -- RiverCrest Publishing -- b4d556e642bd431396c3b9b09c145d17 -- Anna’s Archive_cps_sentences_v1.jsonl"
"C0191"	"F01.jsonl"	"READY_CPS_JSONL"	"C:\OCRWork\MACHINE\WITNESSES\Quigley_The_Anglo\derived\Quigley_The_Anglo_cps_sentences_ready_v1.jsonl"
"C0191"	"F02.jsonl"	"CPS_JSONL"	"C:\OCRWork\MACHINE\WITNESSES\Quigley_The_Anglo\derived\Quigley_The_Anglo_cps_sentences_v1.jsonl"
"C0192"	"F01.jsonl"	"READY_CPS_JSONL"	"C:\OCRWork\MACHINE\WITNESSES\Quigley_Tragedy\derived\Quigley_Tragedy_cps_sentences_ready_v1.jsonl"
"C0192"	"F02.jsonl"	"CPS_JSONL"	"C:\OCRWork\MACHINE\WITNESSES\Quigley_Tragedy\derived\Quigley_Tragedy_cps_sentences_v1.jsonl"
"C0193"	"F01.jsonl"	"READY_CPS_JSONL"	"C:\OCRWork\MACHINE\WITNESSES\rapid_population_change_in_china_1952_1982_repor_34228d0c\derived\rapid_population_change_in_china_1952_1982_repor_34228d0c_cps_sentences_ready_v1.jsonl"
"C0193"	"F02.jsonl"	"CPS_JSONL"	"C:\OCRWork\MACHINE\WITNESSES\rapid_population_change_in_china_1952_1982_repor_34228d0c\derived\rapid_population_change_in_china_1952_1982_repor_34228d0c_cps_sentences_v1.jsonl"
"C0194"	"F01.jsonl"	"READY_CPS_JSONL"	"C:\OCRWork\MACHINE\WITNESSES\regional_model_life_tables_and_stable_population_3054e77e\derived\regional_model_life_tables_and_stable_population_3054e77e_cps_sentences_ready_v1.jsonl"
"C0194"	"F02.jsonl"	"CPS_JSONL"	"C:\OCRWork\MACHINE\WITNESSES\regional_model_life_tables_and_stable_population_3054e77e\derived\regional_model_life_tables_and_stable_population_3054e77e_cps_sentences_v1.jsonl"
"C0195"	"F01.jsonl"	"READY_CPS_JSONL"	"C:\OCRWork\MACHINE\WITNESSES\regional_model_life_tables_and_stable_population_f66ce393\derived\regional_model_life_tables_and_stable_population_f66ce393_cps_sentences_ready_v1.jsonl"
"C0195"	"F02.jsonl"	"CPS_JSONL"	"C:\OCRWork\MACHINE\WITNESSES\regional_model_life_tables_and_stable_population_f66ce393\derived\regional_model_life_tables_and_stable_population_f66ce393_cps_sentences_v1.jsonl"
"C0196"	"F01.jsonl"	"READY_CPS_JSONL"	"C:\OCRWork\MACHINE\WITNESSES\risky_transactions_trust_kinship_and_ethnicity_f_4d8a8c9f\derived\risky_transactions_trust_kinship_and_ethnicity_f_4d8a8c9f_cps_sentences_ready_v1.jsonl"
"C0196"	"F02.jsonl"	"CPS_JSONL"	"C:\OCRWork\MACHINE\WITNESSES\risky_transactions_trust_kinship_and_ethnicity_f_4d8a8c9f\derived\risky_transactions_trust_kinship_and_ethnicity_f_4d8a8c9f_cps_sentences_v1.jsonl"
"C0197"	"F01.jsonl"	"READY_CPS_JSONL"	"C:\OCRWork\MACHINE\WITNESSES\Rousseau_Of_the_Social\derived\Rousseau_Of_the_Social_cps_sentences_ready_v1.jsonl"
"C0197"	"F02.jsonl"	"CPS_JSONL"	"C:\OCRWork\MACHINE\WITNESSES\Rousseau_Of_the_Social\derived\Rousseau_Of_the_Social_cps_sentences_v1.jsonl"
"C0198"	"F01.jsonl"	"READY_CPS_JSONL"	"C:\OCRWork\MACHINE\WITNESSES\Ryan_Sex\derived\Ryan_Sex_cps_sentences_ready_v1.jsonl"
"C0198"	"F02.jsonl"	"CPS_JSONL"	"C:\OCRWork\MACHINE\WITNESSES\Ryan_Sex\derived\Ryan_Sex_cps_sentences_v1.jsonl"
"C0199"	"F01.jsonl"	"READY_CPS_JSONL"	"C:\OCRWork\MACHINE\WITNESSES\saboteurs_from_shocking_wikileaks_revelations_ab_e8c7b970\derived\saboteurs_from_shocking_wikileaks_revelations_ab_e8c7b970_cps_sentences_ready_v1.jsonl"
"C0199"	"F02.jsonl"	"CPS_JSONL"	"C:\OCRWork\MACHINE\WITNESSES\saboteurs_from_shocking_wikileaks_revelations_ab_e8c7b970\derived\saboteurs_from_shocking_wikileaks_revelations_ab_e8c7b970_cps_sentences_v1.jsonl"
"C0200"	"F01.jsonl"	"READY_CPS_JSONL"	"C:\OCRWork\MACHINE\WITNESSES\Schmitt_Land\derived\Schmitt_Land_cps_sentences_ready_v1.jsonl"
"C0200"	"F02.jsonl"	"CPS_JSONL"	"C:\OCRWork\MACHINE\WITNESSES\Schmitt_Land\derived\Schmitt_Land_cps_sentences_v1.jsonl"
"C0201"	"F01.jsonl"	"READY_CPS_JSONL"	"C:\OCRWork\MACHINE\WITNESSES\separation_and_its_discontents_toward_an_evoluti_a20d2167\derived\separation_and_its_discontents_toward_an_evoluti_a20d2167_cps_sentences_ready_v1.jsonl"
"C0201"	"F02.jsonl"	"CPS_JSONL"	"C:\OCRWork\MACHINE\WITNESSES\separation_and_its_discontents_toward_an_evoluti_a20d2167\derived\separation_and_its_discontents_toward_an_evoluti_a20d2167_cps_sentences_v1.jsonl"
"C0202"	"F01.jsonl"	"READY_CPS_JSONL"	"C:\OCRWork\MACHINE\WITNESSES\Seven\derived\Seven_cps_sentences_ready_v1.jsonl"
"C0202"	"F02.jsonl"	"CPS_JSONL"	"C:\OCRWork\MACHINE\WITNESSES\Seven\derived\Seven_cps_sentences_v1.jsonl"
"C0203"	"F01.jsonl"	"READY_CPS_JSONL"	"C:\OCRWork\MACHINE\WITNESSES\Smalcald Articles\derived\Smalcald Articles_cps_sentences_ready_v1.jsonl"
"C0203"	"F02.jsonl"	"CPS_JSONL"	"C:\OCRWork\MACHINE\WITNESSES\Smalcald Articles\derived\Smalcald Articles_cps_sentences_v1.jsonl"
"C0204"	"F01.jsonl"	"READY_CPS_JSONL"	"C:\OCRWork\MACHINE\WITNESSES\Smith_Wealth_of_Nations\derived\Smith_Wealth_of_Nations_cps_sentences_ready_v1.jsonl"
"C0204"	"F02.jsonl"	"CPS_JSONL"	"C:\OCRWork\MACHINE\WITNESSES\Smith_Wealth_of_Nations\derived\Smith_Wealth_of_Nations_cps_sentences_v1.jsonl"
"C0205"	"F01.jsonl"	"READY_CPS_JSONL"	"C:\OCRWork\MACHINE\WITNESSES\Solzhenitsyn_200\derived\Solzhenitsyn_200_cps_sentences_ready_v1.jsonl"
"C0205"	"F02.jsonl"	"CPS_JSONL"	"C:\OCRWork\MACHINE\WITNESSES\Solzhenitsyn_200\derived\Solzhenitsyn_200_cps_sentences_v1.jsonl"
"C0206"	"F01.jsonl"	"READY_CPS_JSONL"	"C:\OCRWork\MACHINE\WITNESSES\Solzhenitsyn_Gulag\derived\Solzhenitsyn_Gulag_cps_sentences_ready_v1.jsonl"
"C0206"	"F02.jsonl"	"CPS_JSONL"	"C:\OCRWork\MACHINE\WITNESSES\Solzhenitsyn_Gulag\derived\Solzhenitsyn_Gulag_cps_sentences_v1.jsonl"
"C0207"	"F01.jsonl"	"READY_CPS_JSONL"	"C:\OCRWork\MACHINE\WITNESSES\Solzhenitsyn_Voice\derived\Solzhenitsyn_Voice_cps_sentences_ready_v1.jsonl"
"C0207"	"F02.jsonl"	"CPS_JSONL"	"C:\OCRWork\MACHINE\WITNESSES\Solzhenitsyn_Voice\derived\Solzhenitsyn_Voice_cps_sentences_v1.jsonl"
"C0208"	"F01.jsonl"	"READY_CPS_JSONL"	"C:\OCRWork\MACHINE\WITNESSES\sovereignty_an_inquiry_into_the_political_good_j_8ddfffee\derived\sovereignty_an_inquiry_into_the_political_good_j_8ddfffee_cps_sentences_ready_v1.jsonl"
"C0208"	"F02.jsonl"	"CPS_JSONL"	"C:\OCRWork\MACHINE\WITNESSES\sovereignty_an_inquiry_into_the_political_good_j_8ddfffee\derived\sovereignty_an_inquiry_into_the_political_good_j_8ddfffee_cps_sentences_v1.jsonl"
"C0209"	"F01.jsonl"	"READY_CPS_JSONL"	"C:\OCRWork\MACHINE\WITNESSES\spengler_dow_v1\derived\spengler_dow_v1_cps_sentences_ready_v1.jsonl"
"C0209"	"F02.jsonl"	"CPS_JSONL"	"C:\OCRWork\MACHINE\WITNESSES\spengler_dow_v1\derived\spengler_dow_v1_cps_sentences_v1.jsonl"
"C0210"	"F01.jsonl"	"READY_CPS_JSONL"	"C:\OCRWork\MACHINE\WITNESSES\spengler_dow_v2\derived\spengler_dow_v2_cps_sentences_ready_v1.jsonl"
"C0210"	"F02.jsonl"	"CPS_JSONL"	"C:\OCRWork\MACHINE\WITNESSES\spengler_dow_v2\derived\spengler_dow_v2_cps_sentences_v1.jsonl"
"C0211"	"F01.jsonl"	"READY_CPS_JSONL"	"C:\OCRWork\MACHINE\WITNESSES\Spykman_America\derived\Spykman_America_cps_sentences_ready_v1.jsonl"
"C0211"	"F02.jsonl"	"CPS_JSONL"	"C:\OCRWork\MACHINE\WITNESSES\Spykman_America\derived\Spykman_America_cps_sentences_v1.jsonl"
"C0212"	"F01.jsonl"	"READY_CPS_JSONL"	"C:\OCRWork\MACHINE\WITNESSES\stalin_s_willing_executioners_jews_as_a_hostile_454a55a0\derived\stalin_s_willing_executioners_jews_as_a_hostile_454a55a0_cps_sentences_ready_v1.jsonl"
"C0212"	"F02.jsonl"	"CPS_JSONL"	"C:\OCRWork\MACHINE\WITNESSES\stalin_s_willing_executioners_jews_as_a_hostile_454a55a0\derived\stalin_s_willing_executioners_jews_as_a_hostile_454a55a0_cps_sentences_v1.jsonl"
"C0213"	"F01.jsonl"	"READY_CPS_JSONL"	"C:\OCRWork\MACHINE\WITNESSES\state_formation_and_civilization_the_civilizing_eda0238e\derived\state_formation_and_civilization_the_civilizing_eda0238e_cps_sentences_ready_v1.jsonl"
"C0213"	"F02.jsonl"	"CPS_JSONL"	"C:\OCRWork\MACHINE\WITNESSES\state_formation_and_civilization_the_civilizing_eda0238e\derived\state_formation_and_civilization_the_civilizing_eda0238e_cps_sentences_v1.jsonl"
"C0214"	"F01.jsonl"	"READY_CPS_JSONL"	"C:\OCRWork\MACHINE\WITNESSES\Stir It Up_ Lessons in Community Organizing and Advocacy -- Rinku Sen -- 1st, First Edition, US, 2003 -- Jossey-Bass, Incorporated Publishers -- 9780787965334 -- e97c5c22124d03e977c4b500884dd207 -- Anna’s Archiv\derived\Stir It Up_ Lessons in Community Organizing and Advocacy -- Rinku Sen -- 1st, First Edition, US, 2003 -- Jossey-Bass, Incorporated Publishers -- 9780787965334 -- e97c5c22124d03e977c4b500884dd207 -- Anna’s Archiv_cps_sentences_ready_v1.jsonl"
"C0214"	"F02.jsonl"	"CPS_JSONL"	"C:\OCRWork\MACHINE\WITNESSES\Stir It Up_ Lessons in Community Organizing and Advocacy -- Rinku Sen -- 1st, First Edition, US, 2003 -- Jossey-Bass, Incorporated Publishers -- 9780787965334 -- e97c5c22124d03e977c4b500884dd207 -- Anna’s Archiv\derived\Stir It Up_ Lessons in Community Organizing and Advocacy -- Rinku Sen -- 1st, First Edition, US, 2003 -- Jossey-Bass, Incorporated Publishers -- 9780787965334 -- e97c5c22124d03e977c4b500884dd207 -- Anna’s Archiv_cps_sentences_v1.jsonl"
"C0215"	"F01.jsonl"	"READY_CPS_JSONL"	"C:\OCRWork\MACHINE\WITNESSES\suicide_of_the_west_james_burnham_1964_b71b8adae57dc6791c62be502a69aa49_anna_s_a\derived\suicide_of_the_west_james_burnham_1964_b71b8adae57dc6791c62be502a69aa49_anna_s_a_cps_sentences_ready_v1.jsonl"
"C0215"	"F02.jsonl"	"CPS_JSONL"	"C:\OCRWork\MACHINE\WITNESSES\suicide_of_the_west_james_burnham_1964_b71b8adae57dc6791c62be502a69aa49_anna_s_a\derived\suicide_of_the_west_james_burnham_1964_b71b8adae57dc6791c62be502a69aa49_anna_s_a_cps_sentences_v1.jsonl"
"C0216"	"F01.jsonl"	"READY_CPS_JSONL"	"C:\OCRWork\MACHINE\WITNESSES\Sutton_America's\derived\Sutton_America's_cps_sentences_ready_v1.jsonl"
"C0216"	"F02.jsonl"	"CPS_JSONL"	"C:\OCRWork\MACHINE\WITNESSES\Sutton_America's\derived\Sutton_America's_cps_sentences_v1.jsonl"
"C0217"	"F01.jsonl"	"READY_CPS_JSONL"	"C:\OCRWork\MACHINE\WITNESSES\Sutton_WS_Bolsh\derived\Sutton_WS_Bolsh_cps_sentences_ready_v1.jsonl"
"C0217"	"F02.jsonl"	"CPS_JSONL"	"C:\OCRWork\MACHINE\WITNESSES\Sutton_WS_Bolsh\derived\Sutton_WS_Bolsh_cps_sentences_v1.jsonl"
"C0218"	"F01.jsonl"	"READY_CPS_JSONL"	"C:\OCRWork\MACHINE\WITNESSES\Sutton_WS_Hitler\derived\Sutton_WS_Hitler_cps_sentences_ready_v1.jsonl"
"C0218"	"F02.jsonl"	"CPS_JSONL"	"C:\OCRWork\MACHINE\WITNESSES\Sutton_WS_Hitler\derived\Sutton_WS_Hitler_cps_sentences_v1.jsonl"
"C0219"	"F01.jsonl"	"READY_CPS_JSONL"	"C:\OCRWork\MACHINE\WITNESSES\Ten_Planks\derived\Ten_Planks_cps_sentences_ready_v1.jsonl"
"C0219"	"F02.jsonl"	"CPS_JSONL"	"C:\OCRWork\MACHINE\WITNESSES\Ten_Planks\derived\Ten_Planks_cps_sentences_v1.jsonl"
"C0220"	"F01.jsonl"	"READY_CPS_JSONL"	"C:\OCRWork\MACHINE\WITNESSES\The  art of war in the Western world -- Jones, Archer, 1926- -- Oxford University Press paperback, New York, 1989, ©1987 -- Urbana _ University of -- 9780195062410 -- 854a6cb60978246b4e1c27ebc9e8978d -- Anna’s A\derived\The  art of war in the Western world -- Jones, Archer, 1926- -- Oxford University Press paperback, New York, 1989, ©1987 -- Urbana _ University of -- 9780195062410 -- 854a6cb60978246b4e1c27ebc9e8978d -- Anna’s A_cps_sentences_ready_v1.jsonl"
"C0220"	"F02.jsonl"	"CPS_JSONL"	"C:\OCRWork\MACHINE\WITNESSES\The  art of war in the Western world -- Jones, Archer, 1926- -- Oxford University Press paperback, New York, 1989, ©1987 -- Urbana _ University of -- 9780195062410 -- 854a6cb60978246b4e1c27ebc9e8978d -- Anna’s A\derived\The  art of war in the Western world -- Jones, Archer, 1926- -- Oxford University Press paperback, New York, 1989, ©1987 -- Urbana _ University of -- 9780195062410 -- 854a6cb60978246b4e1c27ebc9e8978d -- Anna’s A_cps_sentences_v1.jsonl"
"C0221"	"F01.jsonl"	"READY_CPS_JSONL"	"C:\OCRWork\MACHINE\WITNESSES\The Activist's Handbook _ Winning Social Change in the 21st -- Shaw, Randy -- 2013 aug 26 -- University of California Press -- 9780520274051 -- dc2f614dfc61160efa2464c8176b499d -- Anna’s Archive\derived\The Activist's Handbook _ Winning Social Change in the 21st -- Shaw, Randy -- 2013 aug 26 -- University of California Press -- 9780520274051 -- dc2f614dfc61160efa2464c8176b499d -- Anna’s Archive_cps_sentences_ready_v1.jsonl"
"C0221"	"F02.jsonl"	"CPS_JSONL"	"C:\OCRWork\MACHINE\WITNESSES\The Activist's Handbook _ Winning Social Change in the 21st -- Shaw, Randy -- 2013 aug 26 -- University of California Press -- 9780520274051 -- dc2f614dfc61160efa2464c8176b499d -- Anna’s Archive\derived\The Activist's Handbook _ Winning Social Change in the 21st -- Shaw, Randy -- 2013 aug 26 -- University of California Press -- 9780520274051 -- dc2f614dfc61160efa2464c8176b499d -- Anna’s Archive_cps_sentences_v1.jsonl"
"C0222"	"F01.jsonl"	"READY_CPS_JSONL"	"C:\OCRWork\MACHINE\WITNESSES\The Augsburg Confession\derived\The Augsburg Confession_cps_sentences_ready_v1.jsonl"
"C0222"	"F02.jsonl"	"CPS_JSONL"	"C:\OCRWork\MACHINE\WITNESSES\The Augsburg Confession\derived\The Augsburg Confession_cps_sentences_v1.jsonl"
"C0223"	"F01.jsonl"	"READY_CPS_JSONL"	"C:\OCRWork\MACHINE\WITNESSES\The Face of Battle _ A Study of Agincourt, Waterloo, and the -- Keegan, John -- reprint, 1983 -- Penguin (Non-Classics) -- 9780140048971 -- 035c2b5a7de044d211ae1671471b7101 -- Anna’s Archive\derived\The Face of Battle _ A Study of Agincourt, Waterloo, and the -- Keegan, John -- reprint, 1983 -- Penguin (Non-Classics) -- 9780140048971 -- 035c2b5a7de044d211ae1671471b7101 -- Anna’s Archive_cps_sentences_ready_v1.jsonl"
"C0223"	"F02.jsonl"	"CPS_JSONL"	"C:\OCRWork\MACHINE\WITNESSES\The Face of Battle _ A Study of Agincourt, Waterloo, and the -- Keegan, John -- reprint, 1983 -- Penguin (Non-Classics) -- 9780140048971 -- 035c2b5a7de044d211ae1671471b7101 -- Anna’s Archive\derived\The Face of Battle _ A Study of Agincourt, Waterloo, and the -- Keegan, John -- reprint, 1983 -- Penguin (Non-Classics) -- 9780140048971 -- 035c2b5a7de044d211ae1671471b7101 -- Anna’s Archive_cps_sentences_v1.jsonl"
"C0224"	"F01.jsonl"	"READY_CPS_JSONL"	"C:\OCRWork\MACHINE\WITNESSES\The Formula of Concor1\derived\The Formula of Concor1_cps_sentences_ready_v1.jsonl"
"C0224"	"F02.jsonl"	"CPS_JSONL"	"C:\OCRWork\MACHINE\WITNESSES\The Formula of Concor1\derived\The Formula of Concor1_cps_sentences_v1.jsonl"
"C0225"	"F01.jsonl"	"READY_CPS_JSONL"	"C:\OCRWork\MACHINE\WITNESSES\The Formula of Concord\derived\The Formula of Concord_cps_sentences_ready_v1.jsonl"
"C0225"	"F02.jsonl"	"CPS_JSONL"	"C:\OCRWork\MACHINE\WITNESSES\The Formula of Concord\derived\The Formula of Concord_cps_sentences_v1.jsonl"
"C0226"	"F01.jsonl"	"READY_CPS_JSONL"	"C:\OCRWork\MACHINE\WITNESSES\The grand strategy of the Roman Empire from the first -- Edward N_ Luttwak -- 1988 -- Baltimore_ Johns Hopkins University Press -- 9780801818639 -- 9d96c87da86c70ded33701d73626cc80 -- Anna’s Archive\derived\The grand strategy of the Roman Empire from the first -- Edward N_ Luttwak -- 1988 -- Baltimore_ Johns Hopkins University Press -- 9780801818639 -- 9d96c87da86c70ded33701d73626cc80 -- Anna’s Archive_cps_sentences_ready_v1.jsonl"
"C0226"	"F02.jsonl"	"CPS_JSONL"	"C:\OCRWork\MACHINE\WITNESSES\The grand strategy of the Roman Empire from the first -- Edward N_ Luttwak -- 1988 -- Baltimore_ Johns Hopkins University Press -- 9780801818639 -- 9d96c87da86c70ded33701d73626cc80 -- Anna’s Archive\derived\The grand strategy of the Roman Empire from the first -- Edward N_ Luttwak -- 1988 -- Baltimore_ Johns Hopkins University Press -- 9780801818639 -- 9d96c87da86c70ded33701d73626cc80 -- Anna’s Archive_cps_sentences_v1.jsonl"
"C0227"	"F01.jsonl"	"READY_CPS_JSONL"	"C:\OCRWork\MACHINE\WITNESSES\The Large Catechism\derived\The Large Catechism_cps_sentences_ready_v1.jsonl"
"C0227"	"F02.jsonl"	"CPS_JSONL"	"C:\OCRWork\MACHINE\WITNESSES\The Large Catechism\derived\The Large Catechism_cps_sentences_v1.jsonl"
"C0228"	"F01.jsonl"	"READY_CPS_JSONL"	"C:\OCRWork\MACHINE\WITNESSES\The Power\derived\The Power_cps_sentences_ready_v1.jsonl"
"C0228"	"F02.jsonl"	"CPS_JSONL"	"C:\OCRWork\MACHINE\WITNESSES\The Power\derived\The Power_cps_sentences_v1.jsonl"
"C0229"	"F01.jsonl"	"READY_CPS_JSONL"	"C:\OCRWork\MACHINE\WITNESSES\The Small Catechism\derived\The Small Catechism_cps_sentences_ready_v1.jsonl"
"C0229"	"F02.jsonl"	"CPS_JSONL"	"C:\OCRWork\MACHINE\WITNESSES\The Small Catechism\derived\The Small Catechism_cps_sentences_v1.jsonl"
"C0230"	"F01.jsonl"	"READY_CPS_JSONL"	"C:\OCRWork\MACHINE\WITNESSES\the_art_of_maneuver_maneuver_warfare_theory_and_511a9e1d\derived\the_art_of_maneuver_maneuver_warfare_theory_and_511a9e1d_cps_sentences_ready_v1.jsonl"
"C0230"	"F02.jsonl"	"CPS_JSONL"	"C:\OCRWork\MACHINE\WITNESSES\the_art_of_maneuver_maneuver_warfare_theory_and_511a9e1d\derived\the_art_of_maneuver_maneuver_warfare_theory_and_511a9e1d_cps_sentences_v1.jsonl"
"C0231"	"F01.jsonl"	"READY_CPS_JSONL"	"C:\OCRWork\MACHINE\WITNESSES\the_art_of_war_amazonclassics_edition_sun_tzu_am_9ce3898f\derived\the_art_of_war_amazonclassics_edition_sun_tzu_am_9ce3898f_cps_sentences_ready_v1.jsonl"
"C0231"	"F02.jsonl"	"CPS_JSONL"	"C:\OCRWork\MACHINE\WITNESSES\the_art_of_war_amazonclassics_edition_sun_tzu_am_9ce3898f\derived\the_art_of_war_amazonclassics_edition_sun_tzu_am_9ce3898f_cps_sentences_v1.jsonl"
"C0232"	"F01.jsonl"	"READY_CPS_JSONL"	"C:\OCRWork\MACHINE\WITNESSES\the_art_of_war_by_mao_tse_tung_special_edition_m_ac24f55f\derived\the_art_of_war_by_mao_tse_tung_special_edition_m_ac24f55f_cps_sentences_ready_v1.jsonl"
"C0232"	"F02.jsonl"	"CPS_JSONL"	"C:\OCRWork\MACHINE\WITNESSES\the_art_of_war_by_mao_tse_tung_special_edition_m_ac24f55f\derived\the_art_of_war_by_mao_tse_tung_special_edition_m_ac24f55f_cps_sentences_v1.jsonl"
"C0233"	"F01.jsonl"	"READY_CPS_JSONL"	"C:\OCRWork\MACHINE\WITNESSES\the_birth_of_modern_europe_library_of_economic_h_3faf1c57\derived\the_birth_of_modern_europe_library_of_economic_h_3faf1c57_cps_sentences_ready_v1.jsonl"
"C0233"	"F02.jsonl"	"CPS_JSONL"	"C:\OCRWork\MACHINE\WITNESSES\the_birth_of_modern_europe_library_of_economic_h_3faf1c57\derived\the_birth_of_modern_europe_library_of_economic_h_3faf1c57_cps_sentences_v1.jsonl"
"C0234"	"F01.jsonl"	"READY_CPS_JSONL"	"C:\OCRWork\MACHINE\WITNESSES\the_british_industrial_revolution_an_economic_pe_179d4b01\derived\the_british_industrial_revolution_an_economic_pe_179d4b01_cps_sentences_ready_v1.jsonl"
"C0234"	"F02.jsonl"	"CPS_JSONL"	"C:\OCRWork\MACHINE\WITNESSES\the_british_industrial_revolution_an_economic_pe_179d4b01\derived\the_british_industrial_revolution_an_economic_pe_179d4b01_cps_sentences_v1.jsonl"
"C0235"	"F01.jsonl"	"READY_CPS_JSONL"	"C:\OCRWork\MACHINE\WITNESSES\the_causes_of_progress_culture_authority_and_change_emmanuel_todd_translated_by\derived\the_causes_of_progress_culture_authority_and_change_emmanuel_todd_translated_by_cps_sentences_ready_v1.jsonl"
"C0235"	"F02.jsonl"	"CPS_JSONL"	"C:\OCRWork\MACHINE\WITNESSES\the_causes_of_progress_culture_authority_and_change_emmanuel_todd_translated_by\derived\the_causes_of_progress_culture_authority_and_change_emmanuel_todd_translated_by_cps_sentences_v1.jsonl"
"C0236"	"F01.jsonl"	"READY_CPS_JSONL"	"C:\OCRWork\MACHINE\WITNESSES\the_civilizing_process_sociogenetic_and_psychoge_e3d24c3c\derived\the_civilizing_process_sociogenetic_and_psychoge_e3d24c3c_cps_sentences_ready_v1.jsonl"
"C0236"	"F02.jsonl"	"CPS_JSONL"	"C:\OCRWork\MACHINE\WITNESSES\the_civilizing_process_sociogenetic_and_psychoge_e3d24c3c\derived\the_civilizing_process_sociogenetic_and_psychoge_e3d24c3c_cps_sentences_v1.jsonl"
"C0237"	"F01.jsonl"	"READY_CPS_JSONL"	"C:\OCRWork\MACHINE\WITNESSES\the_compact_edition_of_the_oxford_english_dictio_e0bdf9c1\derived\the_compact_edition_of_the_oxford_english_dictio_e0bdf9c1_cps_sentences_ready_v1.jsonl"
"C0237"	"F02.jsonl"	"CPS_JSONL"	"C:\OCRWork\MACHINE\WITNESSES\the_compact_edition_of_the_oxford_english_dictio_e0bdf9c1\derived\the_compact_edition_of_the_oxford_english_dictio_e0bdf9c1_cps_sentences_v1.jsonl"
"C0238"	"F01.jsonl"	"READY_CPS_JSONL"	"C:\OCRWork\MACHINE\WITNESSES\the_culture_of_critique_an_evolutionary_analysis_bfa78b60\derived\the_culture_of_critique_an_evolutionary_analysis_bfa78b60_cps_sentences_ready_v1.jsonl"
"C0238"	"F02.jsonl"	"CPS_JSONL"	"C:\OCRWork\MACHINE\WITNESSES\the_culture_of_critique_an_evolutionary_analysis_bfa78b60\derived\the_culture_of_critique_an_evolutionary_analysis_bfa78b60_cps_sentences_v1.jsonl"
"C0239"	"F01.jsonl"	"READY_CPS_JSONL"	"C:\OCRWork\MACHINE\WITNESSES\the_decline_of_fertility_in_europe_the_revised_p_d00f6792\derived\the_decline_of_fertility_in_europe_the_revised_p_d00f6792_cps_sentences_ready_v1.jsonl"
"C0239"	"F02.jsonl"	"CPS_JSONL"	"C:\OCRWork\MACHINE\WITNESSES\the_decline_of_fertility_in_europe_the_revised_p_d00f6792\derived\the_decline_of_fertility_in_europe_the_revised_p_d00f6792_cps_sentences_v1.jsonl"
"C0240"	"F01.jsonl"	"READY_CPS_JSONL"	"C:\OCRWork\MACHINE\WITNESSES\the_demography_of_roman_egypt_cambridge_studies_98c41aae\derived\the_demography_of_roman_egypt_cambridge_studies_98c41aae_cps_sentences_ready_v1.jsonl"
"C0240"	"F02.jsonl"	"CPS_JSONL"	"C:\OCRWork\MACHINE\WITNESSES\the_demography_of_roman_egypt_cambridge_studies_98c41aae\derived\the_demography_of_roman_egypt_cambridge_studies_98c41aae_cps_sentences_v1.jsonl"
"C0241"	"F01.jsonl"	"READY_CPS_JSONL"	"C:\OCRWork\MACHINE\WITNESSES\the_destruction_of_convoy_pq17_irving_david_1968_1941c82e\derived\the_destruction_of_convoy_pq17_irving_david_1968_1941c82e_cps_sentences_ready_v1.jsonl"
"C0241"	"F02.jsonl"	"CPS_JSONL"	"C:\OCRWork\MACHINE\WITNESSES\the_destruction_of_convoy_pq17_irving_david_1968_1941c82e\derived\the_destruction_of_convoy_pq17_irving_david_1968_1941c82e_cps_sentences_v1.jsonl"
"C0242"	"F01.jsonl"	"READY_CPS_JSONL"	"C:\OCRWork\MACHINE\WITNESSES\the_economic_approach_to_human_behavior_tab_gary_e6087357\derived\the_economic_approach_to_human_behavior_tab_gary_e6087357_cps_sentences_ready_v1.jsonl"
"C0242"	"F02.jsonl"	"CPS_JSONL"	"C:\OCRWork\MACHINE\WITNESSES\the_economic_approach_to_human_behavior_tab_gary_e6087357\derived\the_economic_approach_to_human_behavior_tab_gary_e6087357_cps_sentences_v1.jsonl"
"C0243"	"F01.jsonl"	"READY_CPS_JSONL"	"C:\OCRWork\MACHINE\WITNESSES\the_economics_of_the_industrial_revolution_edite_0aedf920\derived\the_economics_of_the_industrial_revolution_edite_0aedf920_cps_sentences_ready_v1.jsonl"
"C0243"	"F02.jsonl"	"CPS_JSONL"	"C:\OCRWork\MACHINE\WITNESSES\the_economics_of_the_industrial_revolution_edite_0aedf920\derived\the_economics_of_the_industrial_revolution_edite_0aedf920_cps_sentences_v1.jsonl"
"C0244"	"F01.jsonl"	"READY_CPS_JSONL"	"C:\OCRWork\MACHINE\WITNESSES\the_emerging_british_underclass_choice_in_welfar_13fed250\derived\the_emerging_british_underclass_choice_in_welfar_13fed250_cps_sentences_ready_v1.jsonl"
"C0244"	"F02.jsonl"	"CPS_JSONL"	"C:\OCRWork\MACHINE\WITNESSES\the_emerging_british_underclass_choice_in_welfar_13fed250\derived\the_emerging_british_underclass_choice_in_welfar_13fed250_cps_sentences_v1.jsonl"
"C0245"	"F01.jsonl"	"READY_CPS_JSONL"	"C:\OCRWork\MACHINE\WITNESSES\the_enemy_of_our_enemies_revilo_p_oliver_1981_pdf_writer_9b2e99da82b91bff2d11141\derived\the_enemy_of_our_enemies_revilo_p_oliver_1981_pdf_writer_9b2e99da82b91bff2d11141_cps_sentences_ready_v1.jsonl"
"C0245"	"F02.jsonl"	"CPS_JSONL"	"C:\OCRWork\MACHINE\WITNESSES\the_enemy_of_our_enemies_revilo_p_oliver_1981_pdf_writer_9b2e99da82b91bff2d11141\derived\the_enemy_of_our_enemies_revilo_p_oliver_1981_pdf_writer_9b2e99da82b91bff2d11141_cps_sentences_v1.jsonl"
"C0246"	"F01.jsonl"	"READY_CPS_JSONL"	"C:\OCRWork\MACHINE\WITNESSES\the_evolution_of_cooperation_robert_m_axelrod_w_8940517a\derived\the_evolution_of_cooperation_robert_m_axelrod_w_8940517a_cps_sentences_ready_v1.jsonl"
"C0246"	"F02.jsonl"	"CPS_JSONL"	"C:\OCRWork\MACHINE\WITNESSES\the_evolution_of_cooperation_robert_m_axelrod_w_8940517a\derived\the_evolution_of_cooperation_robert_m_axelrod_w_8940517a_cps_sentences_v1.jsonl"
"C0247"	"F01.jsonl"	"READY_CPS_JSONL"	"C:\OCRWork\MACHINE\WITNESSES\the_explanation_of_ideology_family_structures_an_8b69f468\derived\the_explanation_of_ideology_family_structures_an_8b69f468_cps_sentences_ready_v1.jsonl"
"C0247"	"F02.jsonl"	"CPS_JSONL"	"C:\OCRWork\MACHINE\WITNESSES\the_explanation_of_ideology_family_structures_an_8b69f468\derived\the_explanation_of_ideology_family_structures_an_8b69f468_cps_sentences_v1.jsonl"
"C0248"	"F01.jsonl"	"READY_CPS_JSONL"	"C:\OCRWork\MACHINE\WITNESSES\the_fate_of_the_species_why_the_human_race_may_c_a1f4bb71\derived\the_fate_of_the_species_why_the_human_race_may_c_a1f4bb71_cps_sentences_ready_v1.jsonl"
"C0248"	"F02.jsonl"	"CPS_JSONL"	"C:\OCRWork\MACHINE\WITNESSES\the_fate_of_the_species_why_the_human_race_may_c_a1f4bb71\derived\the_fate_of_the_species_why_the_human_race_may_c_a1f4bb71_cps_sentences_v1.jsonl"
"C0249"	"F01.jsonl"	"READY_CPS_JSONL"	"C:\OCRWork\MACHINE\WITNESSES\the_future_of_power_joseph_s_nye_jr_1st_ed_new_y_b13eac13\derived\the_future_of_power_joseph_s_nye_jr_1st_ed_new_y_b13eac13_cps_sentences_ready_v1.jsonl"
"C0249"	"F02.jsonl"	"CPS_JSONL"	"C:\OCRWork\MACHINE\WITNESSES\the_future_of_power_joseph_s_nye_jr_1st_ed_new_y_b13eac13\derived\the_future_of_power_joseph_s_nye_jr_1st_ed_new_y_b13eac13_cps_sentences_v1.jsonl"
"C0250"	"F01.jsonl"	"READY_CPS_JSONL"	"C:\OCRWork\MACHINE\WITNESSES\the_gifts_of_athena_historical_origins_of_the_kn_b0bfde47\derived\the_gifts_of_athena_historical_origins_of_the_kn_b0bfde47_cps_sentences_ready_v1.jsonl"
"C0250"	"F02.jsonl"	"CPS_JSONL"	"C:\OCRWork\MACHINE\WITNESSES\the_gifts_of_athena_historical_origins_of_the_kn_b0bfde47\derived\the_gifts_of_athena_historical_origins_of_the_kn_b0bfde47_cps_sentences_v1.jsonl"
"C0251"	"F01.jsonl"	"READY_CPS_JSONL"	"C:\OCRWork\MACHINE\WITNESSES\the_great_divergence_china_europe_and_the_making_of_the_kenneth_pomeranz_2000_pr\derived\the_great_divergence_china_europe_and_the_making_of_the_kenneth_pomeranz_2000_pr_cps_sentences_ready_v1.jsonl"
"C0251"	"F02.jsonl"	"CPS_JSONL"	"C:\OCRWork\MACHINE\WITNESSES\the_great_divergence_china_europe_and_the_making_of_the_kenneth_pomeranz_2000_pr\derived\the_great_divergence_china_europe_and_the_making_of_the_kenneth_pomeranz_2000_pr_cps_sentences_v1.jsonl"
"C0252"	"F01.jsonl"	"READY_CPS_JSONL"	"C:\OCRWork\MACHINE\WITNESSES\the_great_leveler_walter_scheidel_2018_princeton_f3c151ec\derived\the_great_leveler_walter_scheidel_2018_princeton_f3c151ec_cps_sentences_ready_v1.jsonl"
"C0252"	"F02.jsonl"	"CPS_JSONL"	"C:\OCRWork\MACHINE\WITNESSES\the_great_leveler_walter_scheidel_2018_princeton_f3c151ec\derived\the_great_leveler_walter_scheidel_2018_princeton_f3c151ec_cps_sentences_v1.jsonl"
"C0253"	"F01.jsonl"	"READY_CPS_JSONL"	"C:\OCRWork\MACHINE\WITNESSES\the_great_transformation_the_political_and_econo_e19cb0c1\derived\the_great_transformation_the_political_and_econo_e19cb0c1_cps_sentences_ready_v1.jsonl"
"C0253"	"F02.jsonl"	"CPS_JSONL"	"C:\OCRWork\MACHINE\WITNESSES\the_great_transformation_the_political_and_econo_e19cb0c1\derived\the_great_transformation_the_political_and_econo_e19cb0c1_cps_sentences_v1.jsonl"
"C0254"	"F01.jsonl"	"READY_CPS_JSONL"	"C:\OCRWork\MACHINE\WITNESSES\the_history_of_manners_norbert_elias_translated_c0354c45\derived\the_history_of_manners_norbert_elias_translated_c0354c45_cps_sentences_ready_v1.jsonl"
"C0254"	"F02.jsonl"	"CPS_JSONL"	"C:\OCRWork\MACHINE\WITNESSES\the_history_of_manners_norbert_elias_translated_c0354c45\derived\the_history_of_manners_norbert_elias_translated_c0354c45_cps_sentences_v1.jsonl"
"C0255"	"F01.jsonl"	"READY_CPS_JSONL"	"C:\OCRWork\MACHINE\WITNESSES\the_history_of_the_european_family_family_life_i_29ce238d\derived\the_history_of_the_european_family_family_life_i_29ce238d_cps_sentences_ready_v1.jsonl"
"C0255"	"F02.jsonl"	"CPS_JSONL"	"C:\OCRWork\MACHINE\WITNESSES\the_history_of_the_european_family_family_life_i_29ce238d\derived\the_history_of_the_european_family_family_life_i_29ce238d_cps_sentences_v1.jsonl"
"C0256"	"F01.jsonl"	"READY_CPS_JSONL"	"C:\OCRWork\MACHINE\WITNESSES\the_history_of_the_peloponnesian_war_with_linked_61628400\derived\the_history_of_the_peloponnesian_war_with_linked_61628400_cps_sentences_ready_v1.jsonl"
"C0256"	"F02.jsonl"	"CPS_JSONL"	"C:\OCRWork\MACHINE\WITNESSES\the_history_of_the_peloponnesian_war_with_linked_61628400\derived\the_history_of_the_peloponnesian_war_with_linked_61628400_cps_sentences_v1.jsonl"
"C0257"	"F01.jsonl"	"READY_CPS_JSONL"	"C:\OCRWork\MACHINE\WITNESSES\the_house_of_rothschild_volume_2_the_world_s_ban_fadf5fc6\derived\the_house_of_rothschild_volume_2_the_world_s_ban_fadf5fc6_cps_sentences_ready_v1.jsonl"
"C0257"	"F02.jsonl"	"CPS_JSONL"	"C:\OCRWork\MACHINE\WITNESSES\the_house_of_rothschild_volume_2_the_world_s_ban_fadf5fc6\derived\the_house_of_rothschild_volume_2_the_world_s_ban_fadf5fc6_cps_sentences_v1.jsonl"
"C0258"	"F01.jsonl"	"READY_CPS_JSONL"	"C:\OCRWork\MACHINE\WITNESSES\the_household_and_the_making_of_history_a_subver_c356c368\derived\the_household_and_the_making_of_history_a_subver_c356c368_cps_sentences_ready_v1.jsonl"
"C0258"	"F02.jsonl"	"CPS_JSONL"	"C:\OCRWork\MACHINE\WITNESSES\the_household_and_the_making_of_history_a_subver_c356c368\derived\the_household_and_the_making_of_history_a_subver_c356c368_cps_sentences_v1.jsonl"
"C0259"	"F01.jsonl"	"READY_CPS_JSONL"	"C:\OCRWork\MACHINE\WITNESSES\the_impact_of_the_highly_improbable_taleb_nassim_85628d30\derived\the_impact_of_the_highly_improbable_taleb_nassim_85628d30_cps_sentences_ready_v1.jsonl"
"C0259"	"F02.jsonl"	"CPS_JSONL"	"C:\OCRWork\MACHINE\WITNESSES\the_impact_of_the_highly_improbable_taleb_nassim_85628d30\derived\the_impact_of_the_highly_improbable_taleb_nassim_85628d30_cps_sentences_v1.jsonl"
"C0260"	"F01.jsonl"	"READY_CPS_JSONL"	"C:\OCRWork\MACHINE\WITNESSES\the_invention_of_enterprise_entrepreneurship_fro_0337332c\derived\the_invention_of_enterprise_entrepreneurship_fro_0337332c_cps_sentences_ready_v1.jsonl"
"C0260"	"F02.jsonl"	"CPS_JSONL"	"C:\OCRWork\MACHINE\WITNESSES\the_invention_of_enterprise_entrepreneurship_fro_0337332c\derived\the_invention_of_enterprise_entrepreneurship_fro_0337332c_cps_sentences_v1.jsonl"
"C0261"	"F01.jsonl"	"READY_CPS_JSONL"	"C:\OCRWork\MACHINE\WITNESSES\the_invention_of_enterprise_entrepreneurship_fro_ee7e9e08\derived\the_invention_of_enterprise_entrepreneurship_fro_ee7e9e08_cps_sentences_ready_v1.jsonl"
"C0261"	"F02.jsonl"	"CPS_JSONL"	"C:\OCRWork\MACHINE\WITNESSES\the_invention_of_enterprise_entrepreneurship_fro_ee7e9e08\derived\the_invention_of_enterprise_entrepreneurship_fro_ee7e9e08_cps_sentences_v1.jsonl"
"C0262"	"F01.jsonl"	"READY_CPS_JSONL"	"C:\OCRWork\MACHINE\WITNESSES\the_law_student_s_dictionary_penner_j_e_james_e_c44d962b\derived\the_law_student_s_dictionary_penner_j_e_james_e_c44d962b_cps_sentences_ready_v1.jsonl"
"C0262"	"F02.jsonl"	"CPS_JSONL"	"C:\OCRWork\MACHINE\WITNESSES\the_law_student_s_dictionary_penner_j_e_james_e_c44d962b\derived\the_law_student_s_dictionary_penner_j_e_james_e_c44d962b_cps_sentences_v1.jsonl"
"C0263"	"F01.jsonl"	"READY_CPS_JSONL"	"C:\OCRWork\MACHINE\WITNESSES\the_mare_s_nest_the_war_against_hitlers_secret_v_ced2ebca\derived\the_mare_s_nest_the_war_against_hitlers_secret_v_ced2ebca_cps_sentences_ready_v1.jsonl"
"C0263"	"F02.jsonl"	"CPS_JSONL"	"C:\OCRWork\MACHINE\WITNESSES\the_mare_s_nest_the_war_against_hitlers_secret_v_ced2ebca\derived\the_mare_s_nest_the_war_against_hitlers_secret_v_ced2ebca_cps_sentences_v1.jsonl"
"C0264"	"F01.jsonl"	"READY_CPS_JSONL"	"C:\OCRWork\MACHINE\WITNESSES\the_mask_of_command_a_study_of_generalship_john_1b552bc6\derived\the_mask_of_command_a_study_of_generalship_john_1b552bc6_cps_sentences_ready_v1.jsonl"
"C0264"	"F02.jsonl"	"CPS_JSONL"	"C:\OCRWork\MACHINE\WITNESSES\the_mask_of_command_a_study_of_generalship_john_1b552bc6\derived\the_mask_of_command_a_study_of_generalship_john_1b552bc6_cps_sentences_v1.jsonl"
"C0265"	"F01.jsonl"	"READY_CPS_JSONL"	"C:\OCRWork\MACHINE\WITNESSES\the_mediterranean_world_in_late_antiquity_ad_393_035259db\derived\the_mediterranean_world_in_late_antiquity_ad_393_035259db_cps_sentences_ready_v1.jsonl"
"C0265"	"F02.jsonl"	"CPS_JSONL"	"C:\OCRWork\MACHINE\WITNESSES\the_mediterranean_world_in_late_antiquity_ad_393_035259db\derived\the_mediterranean_world_in_late_antiquity_ad_393_035259db_cps_sentences_v1.jsonl"
"C0266"	"F01.jsonl"	"READY_CPS_JSONL"	"C:\OCRWork\MACHINE\WITNESSES\the_memoirs_of_field_marshal_keitel_wilhelm_keit_4ad690bc\derived\the_memoirs_of_field_marshal_keitel_wilhelm_keit_4ad690bc_cps_sentences_ready_v1.jsonl"
"C0266"	"F02.jsonl"	"CPS_JSONL"	"C:\OCRWork\MACHINE\WITNESSES\the_memoirs_of_field_marshal_keitel_wilhelm_keit_4ad690bc\derived\the_memoirs_of_field_marshal_keitel_wilhelm_keit_4ad690bc_cps_sentences_v1.jsonl"
"C0267"	"F01.jsonl"	"READY_CPS_JSONL"	"C:\OCRWork\MACHINE\WITNESSES\the_millionaire_mind_stanley_thomas_j_g_k_hall_l_cb88c32f\derived\the_millionaire_mind_stanley_thomas_j_g_k_hall_l_cb88c32f_cps_sentences_ready_v1.jsonl"
"C0267"	"F02.jsonl"	"CPS_JSONL"	"C:\OCRWork\MACHINE\WITNESSES\the_millionaire_mind_stanley_thomas_j_g_k_hall_l_cb88c32f\derived\the_millionaire_mind_stanley_thomas_j_g_k_hall_l_cb88c32f_cps_sentences_v1.jsonl"
"C0268"	"F01.jsonl"	"READY_CPS_JSONL"	"C:\OCRWork\MACHINE\WITNESSES\the_misbehavior_of_markets_a_fractal_view_of_fin_1559260e\derived\the_misbehavior_of_markets_a_fractal_view_of_fin_1559260e_cps_sentences_ready_v1.jsonl"
"C0268"	"F02.jsonl"	"CPS_JSONL"	"C:\OCRWork\MACHINE\WITNESSES\the_misbehavior_of_markets_a_fractal_view_of_fin_1559260e\derived\the_misbehavior_of_markets_a_fractal_view_of_fin_1559260e_cps_sentences_v1.jsonl"
"C0269"	"F01.jsonl"	"READY_CPS_JSONL"	"C:\OCRWork\MACHINE\WITNESSES\the_myth_of_the_rational_voter_why_democracies_c_01cb6e5a\derived\the_myth_of_the_rational_voter_why_democracies_c_01cb6e5a_cps_sentences_ready_v1.jsonl"
"C0269"	"F02.jsonl"	"CPS_JSONL"	"C:\OCRWork\MACHINE\WITNESSES\the_myth_of_the_rational_voter_why_democracies_c_01cb6e5a\derived\the_myth_of_the_rational_voter_why_democracies_c_01cb6e5a_cps_sentences_v1.jsonl"
"C0270"	"F01.jsonl"	"READY_CPS_JSONL"	"C:\OCRWork\MACHINE\WITNESSES\the_new_lexicon_webster_s_dictionary_of_the_engl_6ea5c42d\derived\the_new_lexicon_webster_s_dictionary_of_the_engl_6ea5c42d_cps_sentences_ready_v1.jsonl"
"C0270"	"F02.jsonl"	"CPS_JSONL"	"C:\OCRWork\MACHINE\WITNESSES\the_new_lexicon_webster_s_dictionary_of_the_engl_6ea5c42d\derived\the_new_lexicon_webster_s_dictionary_of_the_engl_6ea5c42d_cps_sentences_v1.jsonl"
"C0271"	"F01.jsonl"	"READY_CPS_JSONL"	"C:\OCRWork\MACHINE\WITNESSES\the_new_penguin_economic_history_of_britain_volu_6c01f4a9\derived\the_new_penguin_economic_history_of_britain_volu_6c01f4a9_cps_sentences_ready_v1.jsonl"
"C0271"	"F02.jsonl"	"CPS_JSONL"	"C:\OCRWork\MACHINE\WITNESSES\the_new_penguin_economic_history_of_britain_volu_6c01f4a9\derived\the_new_penguin_economic_history_of_britain_volu_6c01f4a9_cps_sentences_v1.jsonl"
"C0272"	"F01.jsonl"	"READY_CPS_JSONL"	"C:\OCRWork\MACHINE\WITNESSES\the_oxford_encyclopedia_of_economic_history_acco_9aa7d46d\derived\the_oxford_encyclopedia_of_economic_history_acco_9aa7d46d_cps_sentences_ready_v1.jsonl"
"C0272"	"F02.jsonl"	"CPS_JSONL"	"C:\OCRWork\MACHINE\WITNESSES\the_oxford_encyclopedia_of_economic_history_acco_9aa7d46d\derived\the_oxford_encyclopedia_of_economic_history_acco_9aa7d46d_cps_sentences_v1.jsonl"
"C0273"	"F01.jsonl"	"READY_CPS_JSONL"	"C:\OCRWork\MACHINE\WITNESSES\the_oxford_english_dictionary_being_a_corrected_d694eff2\derived\the_oxford_english_dictionary_being_a_corrected_d694eff2_cps_sentences_ready_v1.jsonl"
"C0273"	"F02.jsonl"	"CPS_JSONL"	"C:\OCRWork\MACHINE\WITNESSES\the_oxford_english_dictionary_being_a_corrected_d694eff2\derived\the_oxford_english_dictionary_being_a_corrected_d694eff2_cps_sentences_v1.jsonl"
"C0274"	"F01.jsonl"	"READY_CPS_JSONL"	"C:\OCRWork\MACHINE\WITNESSES\the_oxford_english_dictionary_unknown_1800_64867_c4c96a72\derived\the_oxford_english_dictionary_unknown_1800_64867_c4c96a72_cps_sentences_ready_v1.jsonl"
"C0274"	"F02.jsonl"	"CPS_JSONL"	"C:\OCRWork\MACHINE\WITNESSES\the_oxford_english_dictionary_unknown_1800_64867_c4c96a72\derived\the_oxford_english_dictionary_unknown_1800_64867_c4c96a72_cps_sentences_v1.jsonl"
"C0275"	"F01.jsonl"	"READY_CPS_JSONL"	"C:\OCRWork\MACHINE\WITNESSES\the_oxford_english_dictionary_various_volume_6_1_239fed9f\derived\the_oxford_english_dictionary_various_volume_6_1_239fed9f_cps_sentences_ready_v1.jsonl"
"C0275"	"F02.jsonl"	"CPS_JSONL"	"C:\OCRWork\MACHINE\WITNESSES\the_oxford_english_dictionary_various_volume_6_1_239fed9f\derived\the_oxford_english_dictionary_various_volume_6_1_239fed9f_cps_sentences_v1.jsonl"
"C0276"	"F01.jsonl"	"READY_CPS_JSONL"	"C:\OCRWork\MACHINE\WITNESSES\the_oxford_english_dictionary_volume_6_l_m_1961_821220dd\derived\the_oxford_english_dictionary_volume_6_l_m_1961_821220dd_cps_sentences_ready_v1.jsonl"
"C0276"	"F02.jsonl"	"CPS_JSONL"	"C:\OCRWork\MACHINE\WITNESSES\the_oxford_english_dictionary_volume_6_l_m_1961_821220dd\derived\the_oxford_english_dictionary_volume_6_l_m_1961_821220dd_cps_sentences_v1.jsonl"
"C0277"	"F01.jsonl"	"READY_CPS_JSONL"	"C:\OCRWork\MACHINE\WITNESSES\the_pelt_report_irving_david_1999_f2d90f0b3cdd16_001b2e71\derived\the_pelt_report_irving_david_1999_f2d90f0b3cdd16_001b2e71_cps_sentences_ready_v1.jsonl"
"C0277"	"F02.jsonl"	"CPS_JSONL"	"C:\OCRWork\MACHINE\WITNESSES\the_pelt_report_irving_david_1999_f2d90f0b3cdd16_001b2e71\derived\the_pelt_report_irving_david_1999_f2d90f0b3cdd16_001b2e71_cps_sentences_v1.jsonl"
"C0278"	"F01.jsonl"	"READY_CPS_JSONL"	"C:\OCRWork\MACHINE\WITNESSES\the_post_american_world_2_0_fareed_zakaria_journ_90b009cd\derived\the_post_american_world_2_0_fareed_zakaria_journ_90b009cd_cps_sentences_ready_v1.jsonl"
"C0278"	"F02.jsonl"	"CPS_JSONL"	"C:\OCRWork\MACHINE\WITNESSES\the_post_american_world_2_0_fareed_zakaria_journ_90b009cd\derived\the_post_american_world_2_0_fareed_zakaria_journ_90b009cd_cps_sentences_v1.jsonl"
"C0279"	"F01.jsonl"	"READY_CPS_JSONL"	"C:\OCRWork\MACHINE\WITNESSES\the_price_of_admiralty_war_at_sea_from_man_of_wa_e1f6a4eb\derived\the_price_of_admiralty_war_at_sea_from_man_of_wa_e1f6a4eb_cps_sentences_ready_v1.jsonl"
"C0279"	"F02.jsonl"	"CPS_JSONL"	"C:\OCRWork\MACHINE\WITNESSES\the_price_of_admiralty_war_at_sea_from_man_of_wa_e1f6a4eb\derived\the_price_of_admiralty_war_at_sea_from_man_of_wa_e1f6a4eb_cps_sentences_v1.jsonl"
"C0280"	"F01.jsonl"	"READY_CPS_JSONL"	"C:\OCRWork\MACHINE\WITNESSES\the_red_queen_sex_and_the_evolution_of_human_nat_7b40dd1c\derived\the_red_queen_sex_and_the_evolution_of_human_nat_7b40dd1c_cps_sentences_ready_v1.jsonl"
"C0280"	"F02.jsonl"	"CPS_JSONL"	"C:\OCRWork\MACHINE\WITNESSES\the_red_queen_sex_and_the_evolution_of_human_nat_7b40dd1c\derived\the_red_queen_sex_and_the_evolution_of_human_nat_7b40dd1c_cps_sentences_v1.jsonl"
"C0281"	"F01.jsonl"	"READY_CPS_JSONL"	"C:\OCRWork\MACHINE\WITNESSES\the_rise_and_decline_of_nations_economic_growth_210a1669\derived\the_rise_and_decline_of_nations_economic_growth_210a1669_cps_sentences_ready_v1.jsonl"
"C0281"	"F02.jsonl"	"CPS_JSONL"	"C:\OCRWork\MACHINE\WITNESSES\the_rise_and_decline_of_nations_economic_growth_210a1669\derived\the_rise_and_decline_of_nations_economic_growth_210a1669_cps_sentences_v1.jsonl"
"C0282"	"F01.jsonl"	"READY_CPS_JSONL"	"C:\OCRWork\MACHINE\WITNESSES\the_rise_and_decline_of_the_state_martin_l_van_c_ac3421cd\derived\the_rise_and_decline_of_the_state_martin_l_van_c_ac3421cd_cps_sentences_ready_v1.jsonl"
"C0282"	"F02.jsonl"	"CPS_JSONL"	"C:\OCRWork\MACHINE\WITNESSES\the_rise_and_decline_of_the_state_martin_l_van_c_ac3421cd\derived\the_rise_and_decline_of_the_state_martin_l_van_c_ac3421cd_cps_sentences_v1.jsonl"
"C0283"	"F01.jsonl"	"READY_CPS_JSONL"	"C:\OCRWork\MACHINE\WITNESSES\the_rise_and_fall_of_the_luftwaffe_the_life_of_f_20bc8310\derived\the_rise_and_fall_of_the_luftwaffe_the_life_of_f_20bc8310_cps_sentences_ready_v1.jsonl"
"C0283"	"F02.jsonl"	"CPS_JSONL"	"C:\OCRWork\MACHINE\WITNESSES\the_rise_and_fall_of_the_luftwaffe_the_life_of_f_20bc8310\derived\the_rise_and_fall_of_the_luftwaffe_the_life_of_f_20bc8310_cps_sentences_v1.jsonl"
"C0284"	"F01.jsonl"	"READY_CPS_JSONL"	"C:\OCRWork\MACHINE\WITNESSES\the_rise_of_christianity_how_the_obscure_margina_512dec8f\derived\the_rise_of_christianity_how_the_obscure_margina_512dec8f_cps_sentences_ready_v1.jsonl"
"C0284"	"F02.jsonl"	"CPS_JSONL"	"C:\OCRWork\MACHINE\WITNESSES\the_rise_of_christianity_how_the_obscure_margina_512dec8f\derived\the_rise_of_christianity_how_the_obscure_margina_512dec8f_cps_sentences_v1.jsonl"
"C0285"	"F01.jsonl"	"READY_CPS_JSONL"	"C:\OCRWork\MACHINE\WITNESSES\the_rise_of_the_fiscal_state_in_europe_c_1200_18_97b663c9\derived\the_rise_of_the_fiscal_state_in_europe_c_1200_18_97b663c9_cps_sentences_ready_v1.jsonl"
"C0285"	"F02.jsonl"	"CPS_JSONL"	"C:\OCRWork\MACHINE\WITNESSES\the_rise_of_the_fiscal_state_in_europe_c_1200_18_97b663c9\derived\the_rise_of_the_fiscal_state_in_europe_c_1200_18_97b663c9_cps_sentences_v1.jsonl"
"C0286"	"F01.jsonl"	"READY_CPS_JSONL"	"C:\OCRWork\MACHINE\WITNESSES\the_rise_of_western_christendom_triumph_and_dive_07fbb642\derived\the_rise_of_western_christendom_triumph_and_dive_07fbb642_cps_sentences_ready_v1.jsonl"
"C0286"	"F02.jsonl"	"CPS_JSONL"	"C:\OCRWork\MACHINE\WITNESSES\the_rise_of_western_christendom_triumph_and_dive_07fbb642\derived\the_rise_of_western_christendom_triumph_and_dive_07fbb642_cps_sentences_v1.jsonl"
"C0287"	"F01.jsonl"	"READY_CPS_JSONL"	"C:\OCRWork\MACHINE\WITNESSES\the_rural_setting_thesaurus_a_writer_s_guide_to_ce2420a4\derived\the_rural_setting_thesaurus_a_writer_s_guide_to_ce2420a4_cps_sentences_ready_v1.jsonl"
"C0287"	"F02.jsonl"	"CPS_JSONL"	"C:\OCRWork\MACHINE\WITNESSES\the_rural_setting_thesaurus_a_writer_s_guide_to_ce2420a4\derived\the_rural_setting_thesaurus_a_writer_s_guide_to_ce2420a4_cps_sentences_v1.jsonl"
"C0288"	"F01.jsonl"	"READY_CPS_JSONL"	"C:\OCRWork\MACHINE\WITNESSES\the_secret_diaries_of_hitler_s_doctor_irving_dav_85805875\derived\the_secret_diaries_of_hitler_s_doctor_irving_dav_85805875_cps_sentences_ready_v1.jsonl"
"C0288"	"F02.jsonl"	"CPS_JSONL"	"C:\OCRWork\MACHINE\WITNESSES\the_secret_diaries_of_hitler_s_doctor_irving_dav_85805875\derived\the_secret_diaries_of_hitler_s_doctor_irving_dav_85805875_cps_sentences_v1.jsonl"
"C0289"	"F01.jsonl"	"READY_CPS_JSONL"	"C:\OCRWork\MACHINE\WITNESSES\the_shorter_oxford_english_dictionary_on_histori_01863ef4\derived\the_shorter_oxford_english_dictionary_on_histori_01863ef4_cps_sentences_ready_v1.jsonl"
"C0289"	"F02.jsonl"	"CPS_JSONL"	"C:\OCRWork\MACHINE\WITNESSES\the_shorter_oxford_english_dictionary_on_histori_01863ef4\derived\the_shorter_oxford_english_dictionary_on_histori_01863ef4_cps_sentences_v1.jsonl"
"C0290"	"F01.jsonl"	"READY_CPS_JSONL"	"C:\OCRWork\MACHINE\WITNESSES\the_shorter_oxford_english_dictionary_on_histori_0bb05b5a\derived\the_shorter_oxford_english_dictionary_on_histori_0bb05b5a_cps_sentences_ready_v1.jsonl"
"C0290"	"F02.jsonl"	"CPS_JSONL"	"C:\OCRWork\MACHINE\WITNESSES\the_shorter_oxford_english_dictionary_on_histori_0bb05b5a\derived\the_shorter_oxford_english_dictionary_on_histori_0bb05b5a_cps_sentences_v1.jsonl"
"C0291"	"F01.jsonl"	"READY_CPS_JSONL"	"C:\OCRWork\MACHINE\WITNESSES\the_shorter_oxford_english_dictionary_volumes_i_4ef8f9f8\derived\the_shorter_oxford_english_dictionary_volumes_i_4ef8f9f8_cps_sentences_ready_v1.jsonl"
"C0291"	"F02.jsonl"	"CPS_JSONL"	"C:\OCRWork\MACHINE\WITNESSES\the_shorter_oxford_english_dictionary_volumes_i_4ef8f9f8\derived\the_shorter_oxford_english_dictionary_volumes_i_4ef8f9f8_cps_sentences_v1.jsonl"
"C0292"	"F01.jsonl"	"READY_CPS_JSONL"	"C:\OCRWork\MACHINE\WITNESSES\the_sinews_of_power_war_money_and_the_english_st_2748de3d\derived\the_sinews_of_power_war_money_and_the_english_st_2748de3d_cps_sentences_ready_v1.jsonl"
"C0292"	"F02.jsonl"	"CPS_JSONL"	"C:\OCRWork\MACHINE\WITNESSES\the_sinews_of_power_war_money_and_the_english_st_2748de3d\derived\the_sinews_of_power_war_money_and_the_english_st_2748de3d_cps_sentences_v1.jsonl"
"C0293"	"F01.jsonl"	"READY_CPS_JSONL"	"C:\OCRWork\MACHINE\WITNESSES\the_social_construction_of_reality_a_treatise_in_aceaa150\derived\the_social_construction_of_reality_a_treatise_in_aceaa150_cps_sentences_ready_v1.jsonl"
"C0293"	"F02.jsonl"	"CPS_JSONL"	"C:\OCRWork\MACHINE\WITNESSES\the_social_construction_of_reality_a_treatise_in_aceaa150\derived\the_social_construction_of_reality_a_treatise_in_aceaa150_cps_sentences_v1.jsonl"
"C0294"	"F01.jsonl"	"READY_CPS_JSONL"	"C:\OCRWork\MACHINE\WITNESSES\the_sources_of_social_power_volume_1_a_history_o_76f06bea\derived\the_sources_of_social_power_volume_1_a_history_o_76f06bea_cps_sentences_ready_v1.jsonl"
"C0294"	"F02.jsonl"	"CPS_JSONL"	"C:\OCRWork\MACHINE\WITNESSES\the_sources_of_social_power_volume_1_a_history_o_76f06bea\derived\the_sources_of_social_power_volume_1_a_history_o_76f06bea_cps_sentences_v1.jsonl"
"C0295"	"F01.jsonl"	"READY_CPS_JSONL"	"C:\OCRWork\MACHINE\WITNESSES\the_stripping_of_the_altars_traditional_religion_ba6da559\derived\the_stripping_of_the_altars_traditional_religion_ba6da559_cps_sentences_ready_v1.jsonl"
"C0295"	"F02.jsonl"	"CPS_JSONL"	"C:\OCRWork\MACHINE\WITNESSES\the_stripping_of_the_altars_traditional_religion_ba6da559\derived\the_stripping_of_the_altars_traditional_religion_ba6da559_cps_sentences_v1.jsonl"
"C0296"	"F01.jsonl"	"READY_CPS_JSONL"	"C:\OCRWork\MACHINE\WITNESSES\the_third_chimpanzee_the_evolution_and_future_of_3804536c\derived\the_third_chimpanzee_the_evolution_and_future_of_3804536c_cps_sentences_ready_v1.jsonl"
"C0296"	"F02.jsonl"	"CPS_JSONL"	"C:\OCRWork\MACHINE\WITNESSES\the_third_chimpanzee_the_evolution_and_future_of_3804536c\derived\the_third_chimpanzee_the_evolution_and_future_of_3804536c_cps_sentences_v1.jsonl"
"C0297"	"F01.jsonl"	"READY_CPS_JSONL"	"C:\OCRWork\MACHINE\WITNESSES\the_trail_of_the_fox_david_irving_1_2002_focal_p_72f9c67d\derived\the_trail_of_the_fox_david_irving_1_2002_focal_p_72f9c67d_cps_sentences_ready_v1.jsonl"
"C0297"	"F02.jsonl"	"CPS_JSONL"	"C:\OCRWork\MACHINE\WITNESSES\the_trail_of_the_fox_david_irving_1_2002_focal_p_72f9c67d\derived\the_trail_of_the_fox_david_irving_1_2002_focal_p_72f9c67d_cps_sentences_v1.jsonl"
"C0298"	"F01.jsonl"	"READY_CPS_JSONL"	"C:\OCRWork\MACHINE\WITNESSES\the_underclass_revisited_aei_studies_in_social_w_fdaf0f0d\derived\the_underclass_revisited_aei_studies_in_social_w_fdaf0f0d_cps_sentences_ready_v1.jsonl"
"C0298"	"F02.jsonl"	"CPS_JSONL"	"C:\OCRWork\MACHINE\WITNESSES\the_underclass_revisited_aei_studies_in_social_w_fdaf0f0d\derived\the_underclass_revisited_aei_studies_in_social_w_fdaf0f0d_cps_sentences_v1.jsonl"
"C0299"	"F01.jsonl"	"READY_CPS_JSONL"	"C:\OCRWork\MACHINE\WITNESSES\the_unheavenly_city_the_nature_and_the_future_of_a051ea72\derived\the_unheavenly_city_the_nature_and_the_future_of_a051ea72_cps_sentences_ready_v1.jsonl"
"C0299"	"F02.jsonl"	"CPS_JSONL"	"C:\OCRWork\MACHINE\WITNESSES\the_unheavenly_city_the_nature_and_the_future_of_a051ea72\derived\the_unheavenly_city_the_nature_and_the_future_of_a051ea72_cps_sentences_v1.jsonl"
"C0300"	"F01.jsonl"	"READY_CPS_JSONL"	"C:\OCRWork\MACHINE\WITNESSES\the_uniqueness_of_western_civilization_studies_in_critical_r_duchesne_ricardo_du\derived\the_uniqueness_of_western_civilization_studies_in_critical_r_duchesne_ricardo_du_cps_sentences_ready_v1.jsonl"
"C0300"	"F02.jsonl"	"CPS_JSONL"	"C:\OCRWork\MACHINE\WITNESSES\the_uniqueness_of_western_civilization_studies_in_critical_r_duchesne_ricardo_du\derived\the_uniqueness_of_western_civilization_studies_in_critical_r_duchesne_ricardo_du_cps_sentences_v1.jsonl"
"C0301"	"F01.jsonl"	"READY_CPS_JSONL"	"C:\OCRWork\MACHINE\WITNESSES\the_vanishing_irish_households_migration_and_the_33e1819e\derived\the_vanishing_irish_households_migration_and_the_33e1819e_cps_sentences_ready_v1.jsonl"
"C0301"	"F02.jsonl"	"CPS_JSONL"	"C:\OCRWork\MACHINE\WITNESSES\the_vanishing_irish_households_migration_and_the_33e1819e\derived\the_vanishing_irish_households_migration_and_the_33e1819e_cps_sentences_v1.jsonl"
"C0302"	"F01.jsonl"	"READY_CPS_JSONL"	"C:\OCRWork\MACHINE\WITNESSES\the_virus_house_parforce_david_irving_2002_32f64_dbb7be57\derived\the_virus_house_parforce_david_irving_2002_32f64_dbb7be57_cps_sentences_ready_v1.jsonl"
"C0302"	"F02.jsonl"	"CPS_JSONL"	"C:\OCRWork\MACHINE\WITNESSES\the_virus_house_parforce_david_irving_2002_32f64_dbb7be57\derived\the_virus_house_parforce_david_irving_2002_32f64_dbb7be57_cps_sentences_v1.jsonl"
"C0303"	"F01.jsonl"	"READY_CPS_JSONL"	"C:\OCRWork\MACHINE\WITNESSES\the_war_between_the_generals_irving_david_1981_b_fa657b71\derived\the_war_between_the_generals_irving_david_1981_b_fa657b71_cps_sentences_ready_v1.jsonl"
"C0303"	"F02.jsonl"	"CPS_JSONL"	"C:\OCRWork\MACHINE\WITNESSES\the_war_between_the_generals_irving_david_1981_b_fa657b71\derived\the_war_between_the_generals_irving_david_1981_b_fa657b71_cps_sentences_v1.jsonl"
"C0304"	"F01.jsonl"	"READY_CPS_JSONL"	"C:\OCRWork\MACHINE\WITNESSES\the_war_path_irving_david_1978_0af723435869e3659_71f8a869\derived\the_war_path_irving_david_1978_0af723435869e3659_71f8a869_cps_sentences_ready_v1.jsonl"
"C0304"	"F02.jsonl"	"CPS_JSONL"	"C:\OCRWork\MACHINE\WITNESSES\the_war_path_irving_david_1978_0af723435869e3659_71f8a869\derived\the_war_path_irving_david_1978_0af723435869e3659_71f8a869_cps_sentences_v1.jsonl"
"C0305"	"F01.jsonl"	"READY_CPS_JSONL"	"C:\OCRWork\MACHINE\WITNESSES\the_world_we_have_lost_peter_laslett_1971_978684_05f511c1\derived\the_world_we_have_lost_peter_laslett_1971_978684_05f511c1_cps_sentences_ready_v1.jsonl"
"C0305"	"F02.jsonl"	"CPS_JSONL"	"C:\OCRWork\MACHINE\WITNESSES\the_world_we_have_lost_peter_laslett_1971_978684_05f511c1\derived\the_world_we_have_lost_peter_laslett_1971_978684_05f511c1_cps_sentences_v1.jsonl"
"C0306"	"F01.jsonl"	"READY_CPS_JSONL"	"C:\OCRWork\MACHINE\WITNESSES\to_be_and_not_to_be_that_is_the_answer_unique_ex_ea23b46f\derived\to_be_and_not_to_be_that_is_the_answer_unique_ex_ea23b46f_cps_sentences_ready_v1.jsonl"
"C0306"	"F02.jsonl"	"CPS_JSONL"	"C:\OCRWork\MACHINE\WITNESSES\to_be_and_not_to_be_that_is_the_answer_unique_ex_ea23b46f\derived\to_be_and_not_to_be_that_is_the_answer_unique_ex_ea23b46f_cps_sentences_v1.jsonl"
"C0307"	"F01.jsonl"	"READY_CPS_JSONL"	"C:\OCRWork\MACHINE\WITNESSES\tribes_how_race_religion_and_identity_detrtmine_a88a9764\derived\tribes_how_race_religion_and_identity_detrtmine_a88a9764_cps_sentences_ready_v1.jsonl"
"C0307"	"F02.jsonl"	"CPS_JSONL"	"C:\OCRWork\MACHINE\WITNESSES\tribes_how_race_religion_and_identity_detrtmine_a88a9764\derived\tribes_how_race_religion_and_identity_detrtmine_a88a9764_cps_sentences_v1.jsonl"
"C0308"	"F01.jsonl"	"READY_CPS_JSONL"	"C:\OCRWork\MACHINE\WITNESSES\Trotter_I\derived\Trotter_I_cps_sentences_ready_v1.jsonl"
"C0308"	"F02.jsonl"	"CPS_JSONL"	"C:\OCRWork\MACHINE\WITNESSES\Trotter_I\derived\Trotter_I_cps_sentences_v1.jsonl"
"C0309"	"F01.jsonl"	"READY_CPS_JSONL"	"C:\OCRWork\MACHINE\WITNESSES\true_himmler_vol_i_1_1_david_john_cawdell_irving_1e160d1c\derived\true_himmler_vol_i_1_1_david_john_cawdell_irving_1e160d1c_cps_sentences_ready_v1.jsonl"
"C0309"	"F02.jsonl"	"CPS_JSONL"	"C:\OCRWork\MACHINE\WITNESSES\true_himmler_vol_i_1_1_david_john_cawdell_irving_1e160d1c\derived\true_himmler_vol_i_1_1_david_john_cawdell_irving_1e160d1c_cps_sentences_v1.jsonl"
"C0310"	"F01.jsonl"	"READY_CPS_JSONL"	"C:\OCRWork\MACHINE\WITNESSES\trust_the_social_virtues_and_the_creation_of_pro_537f9e9d\derived\trust_the_social_virtues_and_the_creation_of_pro_537f9e9d_cps_sentences_ready_v1.jsonl"
"C0310"	"F02.jsonl"	"CPS_JSONL"	"C:\OCRWork\MACHINE\WITNESSES\trust_the_social_virtues_and_the_creation_of_pro_537f9e9d\derived\trust_the_social_virtues_and_the_creation_of_pro_537f9e9d_cps_sentences_v1.jsonl"
"C0311"	"F01.jsonl"	"READY_CPS_JSONL"	"C:\OCRWork\MACHINE\WITNESSES\Turchin_Ages\derived\Turchin_Ages_cps_sentences_ready_v1.jsonl"
"C0311"	"F02.jsonl"	"CPS_JSONL"	"C:\OCRWork\MACHINE\WITNESSES\Turchin_Ages\derived\Turchin_Ages_cps_sentences_v1.jsonl"
"C0312"	"F01.jsonl"	"READY_CPS_JSONL"	"C:\OCRWork\MACHINE\WITNESSES\twilight_of_the_elites_america_after_meritocracy_09c28b9a\derived\twilight_of_the_elites_america_after_meritocracy_09c28b9a_cps_sentences_ready_v1.jsonl"
"C0312"	"F02.jsonl"	"CPS_JSONL"	"C:\OCRWork\MACHINE\WITNESSES\twilight_of_the_elites_america_after_meritocracy_09c28b9a\derived\twilight_of_the_elites_america_after_meritocracy_09c28b9a_cps_sentences_v1.jsonl"
"C0313"	"F01.jsonl"	"READY_CPS_JSONL"	"C:\OCRWork\MACHINE\WITNESSES\Two_Person\derived\Two_Person_cps_sentences_ready_v1.jsonl"
"C0313"	"F02.jsonl"	"CPS_JSONL"	"C:\OCRWork\MACHINE\WITNESSES\Two_Person\derived\Two_Person_cps_sentences_v1.jsonl"
"C0314"	"F01.jsonl"	"READY_CPS_JSONL"	"C:\OCRWork\MACHINE\WITNESSES\Two-Person\derived\Two-Person_cps_sentences_ready_v1.jsonl"
"C0314"	"F02.jsonl"	"CPS_JSONL"	"C:\OCRWork\MACHINE\WITNESSES\Two-Person\derived\Two-Person_cps_sentences_v1.jsonl"
"C0315"	"F01.jsonl"	"READY_CPS_JSONL"	"C:\OCRWork\MACHINE\WITNESSES\understanding_jewish_influence_study_in_ethnic_a_2b3346b8\derived\understanding_jewish_influence_study_in_ethnic_a_2b3346b8_cps_sentences_ready_v1.jsonl"
"C0315"	"F02.jsonl"	"CPS_JSONL"	"C:\OCRWork\MACHINE\WITNESSES\understanding_jewish_influence_study_in_ethnic_a_2b3346b8\derived\understanding_jewish_influence_study_in_ethnic_a_2b3346b8_cps_sentences_v1.jsonl"
"C0316"	"F01.jsonl"	"READY_CPS_JSONL"	"C:\OCRWork\MACHINE\WITNESSES\uprising_one_nation_s_nightmare_hungary_1956_dav_01e40b5f\derived\uprising_one_nation_s_nightmare_hungary_1956_dav_01e40b5f_cps_sentences_ready_v1.jsonl"
"C0316"	"F02.jsonl"	"CPS_JSONL"	"C:\OCRWork\MACHINE\WITNESSES\uprising_one_nation_s_nightmare_hungary_1956_dav_01e40b5f\derived\uprising_one_nation_s_nightmare_hungary_1956_dav_01e40b5f_cps_sentences_v1.jsonl"
"C0317"	"F01.jsonl"	"READY_CPS_JSONL"	"C:\OCRWork\MACHINE\WITNESSES\urban_agglomeration_and_economic_growth_publicat_635fdcd4\derived\urban_agglomeration_and_economic_growth_publicat_635fdcd4_cps_sentences_ready_v1.jsonl"
"C0317"	"F02.jsonl"	"CPS_JSONL"	"C:\OCRWork\MACHINE\WITNESSES\urban_agglomeration_and_economic_growth_publicat_635fdcd4\derived\urban_agglomeration_and_economic_growth_publicat_635fdcd4_cps_sentences_v1.jsonl"
"C0318"	"F01.jsonl"	"READY_CPS_JSONL"	"C:\OCRWork\MACHINE\WITNESSES\Vegetius\derived\Vegetius_cps_sentences_ready_v1.jsonl"
"C0318"	"F02.jsonl"	"CPS_JSONL"	"C:\OCRWork\MACHINE\WITNESSES\Vegetius\derived\Vegetius_cps_sentences_v1.jsonl"
"C0319"	"F01.jsonl"	"READY_CPS_JSONL"	"C:\OCRWork\MACHINE\WITNESSES\watermelons_nooses_and_straight_razors_stories_f_b3768a7c\derived\watermelons_nooses_and_straight_razors_stories_f_b3768a7c_cps_sentences_ready_v1.jsonl"
"C0319"	"F02.jsonl"	"CPS_JSONL"	"C:\OCRWork\MACHINE\WITNESSES\watermelons_nooses_and_straight_razors_stories_f_b3768a7c\derived\watermelons_nooses_and_straight_razors_stories_f_b3768a7c_cps_sentences_v1.jsonl"
"C0320"	"F01.jsonl"	"READY_CPS_JSONL"	"C:\OCRWork\MACHINE\WITNESSES\we_make_change_community_organizers_talk_about_w_28bfc572\derived\we_make_change_community_organizers_talk_about_w_28bfc572_cps_sentences_ready_v1.jsonl"
"C0320"	"F02.jsonl"	"CPS_JSONL"	"C:\OCRWork\MACHINE\WITNESSES\we_make_change_community_organizers_talk_about_w_28bfc572\derived\we_make_change_community_organizers_talk_about_w_28bfc572_cps_sentences_v1.jsonl"
"C0321"	"F01.jsonl"	"READY_CPS_JSONL"	"C:\OCRWork\MACHINE\WITNESSES\Weber_Economy\derived\Weber_Economy_cps_sentences_ready_v1.jsonl"
"C0321"	"F02.jsonl"	"CPS_JSONL"	"C:\OCRWork\MACHINE\WITNESSES\Weber_Economy\derived\Weber_Economy_cps_sentences_v1.jsonl"
"C0322"	"F01.jsonl"	"READY_CPS_JSONL"	"C:\OCRWork\MACHINE\WITNESSES\webster_s_collegiate_dictionary_merriam_webster_0ce19fb5\derived\webster_s_collegiate_dictionary_merriam_webster_0ce19fb5_cps_sentences_ready_v1.jsonl"
"C0322"	"F02.jsonl"	"CPS_JSONL"	"C:\OCRWork\MACHINE\WITNESSES\webster_s_collegiate_dictionary_merriam_webster_0ce19fb5\derived\webster_s_collegiate_dictionary_merriam_webster_0ce19fb5_cps_sentences_v1.jsonl"
"C0323"	"F01.jsonl"	"READY_CPS_JSONL"	"C:\OCRWork\MACHINE\WITNESSES\webster_s_collegiate_dictionary_second_edtion_g_7192ab93\derived\webster_s_collegiate_dictionary_second_edtion_g_7192ab93_cps_sentences_ready_v1.jsonl"
"C0323"	"F02.jsonl"	"CPS_JSONL"	"C:\OCRWork\MACHINE\WITNESSES\webster_s_collegiate_dictionary_second_edtion_g_7192ab93\derived\webster_s_collegiate_dictionary_second_edtion_g_7192ab93_cps_sentences_v1.jsonl"
"C0324"	"F01.jsonl"	"READY_CPS_JSONL"	"C:\OCRWork\MACHINE\WITNESSES\webster_s_dictionary_for_students_2003_10_01_per_89010daf\derived\webster_s_dictionary_for_students_2003_10_01_per_89010daf_cps_sentences_ready_v1.jsonl"
"C0324"	"F02.jsonl"	"CPS_JSONL"	"C:\OCRWork\MACHINE\WITNESSES\webster_s_dictionary_for_students_2003_10_01_per_89010daf\derived\webster_s_dictionary_for_students_2003_10_01_per_89010daf_cps_sentences_v1.jsonl"
"C0325"	"F01.jsonl"	"READY_CPS_JSONL"	"C:\OCRWork\MACHINE\WITNESSES\webster_s_dictionary_for_students_special_encycl_4262e93e\derived\webster_s_dictionary_for_students_special_encycl_4262e93e_cps_sentences_ready_v1.jsonl"
"C0325"	"F02.jsonl"	"CPS_JSONL"	"C:\OCRWork\MACHINE\WITNESSES\webster_s_dictionary_for_students_special_encycl_4262e93e\derived\webster_s_dictionary_for_students_special_encycl_4262e93e_cps_sentences_v1.jsonl"
"C0326"	"F01.jsonl"	"READY_CPS_JSONL"	"C:\OCRWork\MACHINE\WITNESSES\webster_s_dictionary_for_students_special_encycl_99be0549\derived\webster_s_dictionary_for_students_special_encycl_99be0549_cps_sentences_ready_v1.jsonl"
"C0326"	"F02.jsonl"	"CPS_JSONL"	"C:\OCRWork\MACHINE\WITNESSES\webster_s_dictionary_for_students_special_encycl_99be0549\derived\webster_s_dictionary_for_students_special_encycl_99be0549_cps_sentences_v1.jsonl"
"C0327"	"F01.jsonl"	"READY_CPS_JSONL"	"C:\OCRWork\MACHINE\WITNESSES\webster_s_dictionary_john_gage_allee_1958_litera_9a13c2ec\derived\webster_s_dictionary_john_gage_allee_1958_litera_9a13c2ec_cps_sentences_ready_v1.jsonl"
"C0327"	"F02.jsonl"	"CPS_JSONL"	"C:\OCRWork\MACHINE\WITNESSES\webster_s_dictionary_john_gage_allee_1958_litera_9a13c2ec\derived\webster_s_dictionary_john_gage_allee_1958_litera_9a13c2ec_cps_sentences_v1.jsonl"
"C0328"	"F01.jsonl"	"READY_CPS_JSONL"	"C:\OCRWork\MACHINE\WITNESSES\webster_s_dictionary_john_gage_allee_1971_ottenh_06135344\derived\webster_s_dictionary_john_gage_allee_1971_ottenh_06135344_cps_sentences_ready_v1.jsonl"
"C0328"	"F02.jsonl"	"CPS_JSONL"	"C:\OCRWork\MACHINE\WITNESSES\webster_s_dictionary_john_gage_allee_1971_ottenh_06135344\derived\webster_s_dictionary_john_gage_allee_1971_ottenh_06135344_cps_sentences_v1.jsonl"
"C0329"	"F01.jsonl"	"READY_CPS_JSONL"	"C:\OCRWork\MACHINE\WITNESSES\webster_s_dictionary_noah_webster_09_the_world_p_25ca0b7e\derived\webster_s_dictionary_noah_webster_09_the_world_p_25ca0b7e_cps_sentences_ready_v1.jsonl"
"C0329"	"F02.jsonl"	"CPS_JSONL"	"C:\OCRWork\MACHINE\WITNESSES\webster_s_dictionary_noah_webster_09_the_world_p_25ca0b7e\derived\webster_s_dictionary_noah_webster_09_the_world_p_25ca0b7e_cps_sentences_v1.jsonl"
"C0330"	"F01.jsonl"	"READY_CPS_JSONL"	"C:\OCRWork\MACHINE\WITNESSES\webster_s_dictionary_of_modern_english_william_t_5c22d395\derived\webster_s_dictionary_of_modern_english_william_t_5c22d395_cps_sentences_ready_v1.jsonl"
"C0330"	"F02.jsonl"	"CPS_JSONL"	"C:\OCRWork\MACHINE\WITNESSES\webster_s_dictionary_of_modern_english_william_t_5c22d395\derived\webster_s_dictionary_of_modern_english_william_t_5c22d395_cps_sentences_v1.jsonl"
"C0331"	"F01.jsonl"	"READY_CPS_JSONL"	"C:\OCRWork\MACHINE\WITNESSES\webster_s_dictionary_of_synonyms_a_merriam_webst_ebdf0461\derived\webster_s_dictionary_of_synonyms_a_merriam_webst_ebdf0461_cps_sentences_ready_v1.jsonl"
"C0331"	"F02.jsonl"	"CPS_JSONL"	"C:\OCRWork\MACHINE\WITNESSES\webster_s_dictionary_of_synonyms_a_merriam_webst_ebdf0461\derived\webster_s_dictionary_of_synonyms_a_merriam_webst_ebdf0461_cps_sentences_v1.jsonl"
"C0332"	"F01.jsonl"	"READY_CPS_JSONL"	"C:\OCRWork\MACHINE\WITNESSES\webster_s_dictionary_of_synonyms_and_antonyms_cr_91fdcdb6\derived\webster_s_dictionary_of_synonyms_and_antonyms_cr_91fdcdb6_cps_sentences_ready_v1.jsonl"
"C0332"	"F02.jsonl"	"CPS_JSONL"	"C:\OCRWork\MACHINE\WITNESSES\webster_s_dictionary_of_synonyms_and_antonyms_cr_91fdcdb6\derived\webster_s_dictionary_of_synonyms_and_antonyms_cr_91fdcdb6_cps_sentences_v1.jsonl"
"C0333"	"F01.jsonl"	"READY_CPS_JSONL"	"C:\OCRWork\MACHINE\WITNESSES\webster_s_dictionary_of_synonyms_and_antonyms_me_c88ae063\derived\webster_s_dictionary_of_synonyms_and_antonyms_me_c88ae063_cps_sentences_ready_v1.jsonl"
"C0333"	"F02.jsonl"	"CPS_JSONL"	"C:\OCRWork\MACHINE\WITNESSES\webster_s_dictionary_of_synonyms_and_antonyms_me_c88ae063\derived\webster_s_dictionary_of_synonyms_and_antonyms_me_c88ae063_cps_sentences_v1.jsonl"
"C0334"	"F01.jsonl"	"READY_CPS_JSONL"	"C:\OCRWork\MACHINE\WITNESSES\webster_s_dictionary_of_synonyms_first_edition_v_6f6d9cd0\derived\webster_s_dictionary_of_synonyms_first_edition_v_6f6d9cd0_cps_sentences_ready_v1.jsonl"
"C0334"	"F02.jsonl"	"CPS_JSONL"	"C:\OCRWork\MACHINE\WITNESSES\webster_s_dictionary_of_synonyms_first_edition_v_6f6d9cd0\derived\webster_s_dictionary_of_synonyms_first_edition_v_6f6d9cd0_cps_sentences_v1.jsonl"
"C0335"	"F01.jsonl"	"READY_CPS_JSONL"	"C:\OCRWork\MACHINE\WITNESSES\webster_s_dictionary_of_the_english_language_una_7e533cc7\derived\webster_s_dictionary_of_the_english_language_una_7e533cc7_cps_sentences_ready_v1.jsonl"
"C0335"	"F02.jsonl"	"CPS_JSONL"	"C:\OCRWork\MACHINE\WITNESSES\webster_s_dictionary_of_the_english_language_una_7e533cc7\derived\webster_s_dictionary_of_the_english_language_una_7e533cc7_cps_sentences_v1.jsonl"
"C0336"	"F01.jsonl"	"READY_CPS_JSONL"	"C:\OCRWork\MACHINE\WITNESSES\webster_s_dictionary_of_the_english_language_una_90d5593c\derived\webster_s_dictionary_of_the_english_language_una_90d5593c_cps_sentences_ready_v1.jsonl"
"C0336"	"F02.jsonl"	"CPS_JSONL"	"C:\OCRWork\MACHINE\WITNESSES\webster_s_dictionary_of_the_english_language_una_90d5593c\derived\webster_s_dictionary_of_the_english_language_una_90d5593c_cps_sentences_v1.jsonl"
"C0337"	"F01.jsonl"	"READY_CPS_JSONL"	"C:\OCRWork\MACHINE\WITNESSES\webster_s_dictionary_of_the_english_language_unk_ba4b490a\derived\webster_s_dictionary_of_the_english_language_unk_ba4b490a_cps_sentences_ready_v1.jsonl"
"C0337"	"F02.jsonl"	"CPS_JSONL"	"C:\OCRWork\MACHINE\WITNESSES\webster_s_dictionary_of_the_english_language_unk_ba4b490a\derived\webster_s_dictionary_of_the_english_language_unk_ba4b490a_cps_sentences_v1.jsonl"
"C0338"	"F01.jsonl"	"READY_CPS_JSONL"	"C:\OCRWork\MACHINE\WITNESSES\webster_s_dictionary_of_the_english_language_var_30caaf16\derived\webster_s_dictionary_of_the_english_language_var_30caaf16_cps_sentences_ready_v1.jsonl"
"C0338"	"F02.jsonl"	"CPS_JSONL"	"C:\OCRWork\MACHINE\WITNESSES\webster_s_dictionary_of_the_english_language_var_30caaf16\derived\webster_s_dictionary_of_the_english_language_var_30caaf16_cps_sentences_v1.jsonl"
"C0339"	"F01.jsonl"	"READY_CPS_JSONL"	"C:\OCRWork\MACHINE\WITNESSES\webster_s_dictionary_orange_fashion_merriam_webs_cd555394\derived\webster_s_dictionary_orange_fashion_merriam_webs_cd555394_cps_sentences_ready_v1.jsonl"
"C0339"	"F02.jsonl"	"CPS_JSONL"	"C:\OCRWork\MACHINE\WITNESSES\webster_s_dictionary_orange_fashion_merriam_webs_cd555394\derived\webster_s_dictionary_orange_fashion_merriam_webs_cd555394_cps_sentences_v1.jsonl"
"C0340"	"F01.jsonl"	"READY_CPS_JSONL"	"C:\OCRWork\MACHINE\WITNESSES\webster_s_dictionary_specially_designed_for_home_ec974404\derived\webster_s_dictionary_specially_designed_for_home_ec974404_cps_sentences_ready_v1.jsonl"
"C0340"	"F02.jsonl"	"CPS_JSONL"	"C:\OCRWork\MACHINE\WITNESSES\webster_s_dictionary_specially_designed_for_home_ec974404\derived\webster_s_dictionary_specially_designed_for_home_ec974404_cps_sentences_v1.jsonl"
"C0341"	"F01.jsonl"	"READY_CPS_JSONL"	"C:\OCRWork\MACHINE\WITNESSES\webster_s_dictionary_unknown_2012_a18c0aceddf87a_1942c878\derived\webster_s_dictionary_unknown_2012_a18c0aceddf87a_1942c878_cps_sentences_ready_v1.jsonl"
"C0341"	"F02.jsonl"	"CPS_JSONL"	"C:\OCRWork\MACHINE\WITNESSES\webster_s_dictionary_unknown_2012_a18c0aceddf87a_1942c878\derived\webster_s_dictionary_unknown_2012_a18c0aceddf87a_1942c878_cps_sentences_v1.jsonl"
"C0342"	"F01.jsonl"	"READY_CPS_JSONL"	"C:\OCRWork\MACHINE\WITNESSES\webster_s_legal_dictionary_james_e_clapp_james_e_2528b496\derived\webster_s_legal_dictionary_james_e_clapp_james_e_2528b496_cps_sentences_ready_v1.jsonl"
"C0342"	"F02.jsonl"	"CPS_JSONL"	"C:\OCRWork\MACHINE\WITNESSES\webster_s_legal_dictionary_james_e_clapp_james_e_2528b496\derived\webster_s_legal_dictionary_james_e_clapp_james_e_2528b496_cps_sentences_v1.jsonl"
"C0343"	"F01.jsonl"	"READY_CPS_JSONL"	"C:\OCRWork\MACHINE\WITNESSES\webster_s_legal_dictionary_james_e_clapp_james_e_8f496301\derived\webster_s_legal_dictionary_james_e_clapp_james_e_8f496301_cps_sentences_ready_v1.jsonl"
"C0343"	"F02.jsonl"	"CPS_JSONL"	"C:\OCRWork\MACHINE\WITNESSES\webster_s_legal_dictionary_james_e_clapp_james_e_8f496301\derived\webster_s_legal_dictionary_james_e_clapp_james_e_8f496301_cps_sentences_v1.jsonl"
"C0344"	"F01.jsonl"	"READY_CPS_JSONL"	"C:\OCRWork\MACHINE\WITNESSES\webster_s_new_american_dictionary_completely_new_328d867b\derived\webster_s_new_american_dictionary_completely_new_328d867b_cps_sentences_ready_v1.jsonl"
"C0344"	"F02.jsonl"	"CPS_JSONL"	"C:\OCRWork\MACHINE\WITNESSES\webster_s_new_american_dictionary_completely_new_328d867b\derived\webster_s_new_american_dictionary_completely_new_328d867b_cps_sentences_v1.jsonl"
"C0345"	"F01.jsonl"	"READY_CPS_JSONL"	"C:\OCRWork\MACHINE\WITNESSES\webster_s_new_dictionary_of_synonyms_a_dictionar_f9e61a29\derived\webster_s_new_dictionary_of_synonyms_a_dictionar_f9e61a29_cps_sentences_ready_v1.jsonl"
"C0345"	"F02.jsonl"	"CPS_JSONL"	"C:\OCRWork\MACHINE\WITNESSES\webster_s_new_dictionary_of_synonyms_a_dictionar_f9e61a29\derived\webster_s_new_dictionary_of_synonyms_a_dictionar_f9e61a29_cps_sentences_v1.jsonl"
"C0346"	"F01.jsonl"	"READY_CPS_JSONL"	"C:\OCRWork\MACHINE\WITNESSES\webster_s_new_explorer_dictionary_and_thesaurus_8b849d86\derived\webster_s_new_explorer_dictionary_and_thesaurus_8b849d86_cps_sentences_ready_v1.jsonl"
"C0346"	"F02.jsonl"	"CPS_JSONL"	"C:\OCRWork\MACHINE\WITNESSES\webster_s_new_explorer_dictionary_and_thesaurus_8b849d86\derived\webster_s_new_explorer_dictionary_and_thesaurus_8b849d86_cps_sentences_v1.jsonl"
"C0347"	"F01.jsonl"	"READY_CPS_JSONL"	"C:\OCRWork\MACHINE\WITNESSES\webster_s_new_practical_school_dictionary_a_new_ed89a41c\derived\webster_s_new_practical_school_dictionary_a_new_ed89a41c_cps_sentences_ready_v1.jsonl"
"C0347"	"F02.jsonl"	"CPS_JSONL"	"C:\OCRWork\MACHINE\WITNESSES\webster_s_new_practical_school_dictionary_a_new_ed89a41c\derived\webster_s_new_practical_school_dictionary_a_new_ed89a41c_cps_sentences_v1.jsonl"
"C0348"	"F01.jsonl"	"READY_CPS_JSONL"	"C:\OCRWork\MACHINE\WITNESSES\webster_s_new_world_dictionary_of_the_american_l_59924ef8\derived\webster_s_new_world_dictionary_of_the_american_l_59924ef8_cps_sentences_ready_v1.jsonl"
"C0348"	"F02.jsonl"	"CPS_JSONL"	"C:\OCRWork\MACHINE\WITNESSES\webster_s_new_world_dictionary_of_the_american_l_59924ef8\derived\webster_s_new_world_dictionary_of_the_american_l_59924ef8_cps_sentences_v1.jsonl"
"C0349"	"F01.jsonl"	"READY_CPS_JSONL"	"C:\OCRWork\MACHINE\WITNESSES\webster_s_new_world_dictionary_of_the_american_l_6221b886\derived\webster_s_new_world_dictionary_of_the_american_l_6221b886_cps_sentences_ready_v1.jsonl"
"C0349"	"F02.jsonl"	"CPS_JSONL"	"C:\OCRWork\MACHINE\WITNESSES\webster_s_new_world_dictionary_of_the_american_l_6221b886\derived\webster_s_new_world_dictionary_of_the_american_l_6221b886_cps_sentences_v1.jsonl"
"C0350"	"F01.jsonl"	"READY_CPS_JSONL"	"C:\OCRWork\MACHINE\WITNESSES\webster_s_unafraid_dictionary_unknown_1967_d6653_afdc777b\derived\webster_s_unafraid_dictionary_unknown_1967_d6653_afdc777b_cps_sentences_ready_v1.jsonl"
"C0350"	"F02.jsonl"	"CPS_JSONL"	"C:\OCRWork\MACHINE\WITNESSES\webster_s_unafraid_dictionary_unknown_1967_d6653_afdc777b\derived\webster_s_unafraid_dictionary_unknown_1967_d6653_afdc777b_cps_sentences_v1.jsonl"
"C0351"	"F01.jsonl"	"READY_CPS_JSONL"	"C:\OCRWork\MACHINE\WITNESSES\websters_corsican_english_thesaurus_dictionary_p_9de5d143\derived\websters_corsican_english_thesaurus_dictionary_p_9de5d143_cps_sentences_ready_v1.jsonl"
"C0351"	"F02.jsonl"	"CPS_JSONL"	"C:\OCRWork\MACHINE\WITNESSES\websters_corsican_english_thesaurus_dictionary_p_9de5d143\derived\websters_corsican_english_thesaurus_dictionary_p_9de5d143_cps_sentences_v1.jsonl"
"C0352"	"F01.jsonl"	"READY_CPS_JSONL"	"C:\OCRWork\MACHINE\WITNESSES\Westminster\derived\Westminster_cps_sentences_ready_v1.jsonl"
"C0352"	"F02.jsonl"	"CPS_JSONL"	"C:\OCRWork\MACHINE\WITNESSES\Westminster\derived\Westminster_cps_sentences_v1.jsonl"
"C0353"	"F01.jsonl"	"READY_CPS_JSONL"	"C:\OCRWork\MACHINE\WITNESSES\who_we_are_and_how_we_got_here_ancient_dna_and_t_e4809bf6\derived\who_we_are_and_how_we_got_here_ancient_dna_and_t_e4809bf6_cps_sentences_ready_v1.jsonl"
"C0353"	"F02.jsonl"	"CPS_JSONL"	"C:\OCRWork\MACHINE\WITNESSES\who_we_are_and_how_we_got_here_ancient_dna_and_t_e4809bf6\derived\who_we_are_and_how_we_got_here_ancient_dna_and_t_e4809bf6_cps_sentences_v1.jsonl"
"C0354"	"F01.jsonl"	"READY_CPS_JSONL"	"C:\OCRWork\MACHINE\WITNESSES\why_america_lost_the_war_on_poverty_and_how_to_w_33b390d7\derived\why_america_lost_the_war_on_poverty_and_how_to_w_33b390d7_cps_sentences_ready_v1.jsonl"
"C0354"	"F02.jsonl"	"CPS_JSONL"	"C:\OCRWork\MACHINE\WITNESSES\why_america_lost_the_war_on_poverty_and_how_to_w_33b390d7\derived\why_america_lost_the_war_on_poverty_and_how_to_w_33b390d7_cps_sentences_v1.jsonl"
"C0355"	"F01.jsonl"	"READY_CPS_JSONL"	"C:\OCRWork\MACHINE\WITNESSES\why_europe_the_medieval_origins_of_its_special_p_186cb6e8\derived\why_europe_the_medieval_origins_of_its_special_p_186cb6e8_cps_sentences_ready_v1.jsonl"
"C0355"	"F02.jsonl"	"CPS_JSONL"	"C:\OCRWork\MACHINE\WITNESSES\why_europe_the_medieval_origins_of_its_special_p_186cb6e8\derived\why_europe_the_medieval_origins_of_its_special_p_186cb6e8_cps_sentences_v1.jsonl"
"C0356"	"F01.jsonl"	"READY_CPS_JSONL"	"C:\OCRWork\MACHINE\WITNESSES\why_ireland_starved_joel_mokyr_1983_247a8f2e3387_08d7aa95\derived\why_ireland_starved_joel_mokyr_1983_247a8f2e3387_08d7aa95_cps_sentences_ready_v1.jsonl"
"C0356"	"F02.jsonl"	"CPS_JSONL"	"C:\OCRWork\MACHINE\WITNESSES\why_ireland_starved_joel_mokyr_1983_247a8f2e3387_08d7aa95\derived\why_ireland_starved_joel_mokyr_1983_247a8f2e3387_08d7aa95_cps_sentences_v1.jsonl"
"C0357"	"F01.jsonl"	"READY_CPS_JSONL"	"C:\OCRWork\MACHINE\WITNESSES\why_men_rule_a_theory_of_male_dominance_steven_g_6e7a0621\derived\why_men_rule_a_theory_of_male_dominance_steven_g_6e7a0621_cps_sentences_ready_v1.jsonl"
"C0357"	"F02.jsonl"	"CPS_JSONL"	"C:\OCRWork\MACHINE\WITNESSES\why_men_rule_a_theory_of_male_dominance_steven_g_6e7a0621\derived\why_men_rule_a_theory_of_male_dominance_steven_g_6e7a0621_cps_sentences_v1.jsonl"
"C0358"	"F01.jsonl"	"READY_CPS_JSONL"	"C:\OCRWork\MACHINE\WITNESSES\why_nations_fail_the_origins_of_power_prosperity_and_daron_acemoglu_james_robins\derived\why_nations_fail_the_origins_of_power_prosperity_and_daron_acemoglu_james_robins_cps_sentences_ready_v1.jsonl"
"C0358"	"F02.jsonl"	"CPS_JSONL"	"C:\OCRWork\MACHINE\WITNESSES\why_nations_fail_the_origins_of_power_prosperity_and_daron_acemoglu_james_robins\derived\why_nations_fail_the_origins_of_power_prosperity_and_daron_acemoglu_james_robins_cps_sentences_v1.jsonl"
"C0359"	"F01.jsonl"	"READY_CPS_JSONL"	"C:\OCRWork\MACHINE\WITNESSES\Wiener_Cybernetics\derived\Wiener_Cybernetics_cps_sentences_ready_v1.jsonl"
"C0359"	"F02.jsonl"	"CPS_JSONL"	"C:\OCRWork\MACHINE\WITNESSES\Wiener_Cybernetics\derived\Wiener_Cybernetics_cps_sentences_v1.jsonl"
"C0360"	"F01.jsonl"	"READY_CPS_JSONL"	"C:\OCRWork\MACHINE\WITNESSES\witness_whittaker_chambers_new_york_new_york_state_1952_new_york_random_house_11\derived\witness_whittaker_chambers_new_york_new_york_state_1952_new_york_random_house_11_cps_sentences_ready_v1.jsonl"
"C0360"	"F02.jsonl"	"CPS_JSONL"	"C:\OCRWork\MACHINE\WITNESSES\witness_whittaker_chambers_new_york_new_york_state_1952_new_york_random_house_11\derived\witness_whittaker_chambers_new_york_new_york_state_1952_new_york_random_house_11_cps_sentences_v1.jsonl"
"C0361"	"F01.jsonl"	"READY_CPS_JSONL"	"C:\OCRWork\WORKROOTS\12_000_words_a_supplement_to_webster_s_third_new_bc591d7c\derived\12_000_words_a_supplement_to_webster_s_third_new_bc591d7c_cps_sentences_ready_v1.jsonl"
"C0361"	"F02.jsonl"	"CPS_JSONL"	"C:\OCRWork\WORKROOTS\12_000_words_a_supplement_to_webster_s_third_new_bc591d7c\derived\12_000_words_a_supplement_to_webster_s_third_new_bc591d7c_cps_sentences_v1.jsonl"
"C0362"	"F01.jsonl"	"READY_CPS_JSONL"	"C:\OCRWork\WORKROOTS\1811_dictionary_of_the_vulgar_tongue_a_dictionar_2bba4a16\derived\1811_dictionary_of_the_vulgar_tongue_a_dictionar_2bba4a16_cps_sentences_ready_v1.jsonl"
"C0362"	"F02.jsonl"	"CPS_JSONL"	"C:\OCRWork\WORKROOTS\1811_dictionary_of_the_vulgar_tongue_a_dictionar_2bba4a16\derived\1811_dictionary_of_the_vulgar_tongue_a_dictionar_2bba4a16_cps_sentences_v1.jsonl"
"C0363"	"F01.jsonl"	"READY_CPS_JSONL"	"C:\OCRWork\WORKROOTS\a_biographical_dictionary_of_ancient_medieval_an_d648d20e\derived\a_biographical_dictionary_of_ancient_medieval_an_d648d20e_cps_sentences_ready_v1.jsonl"
"C0363"	"F02.jsonl"	"CPS_JSONL"	"C:\OCRWork\WORKROOTS\a_biographical_dictionary_of_ancient_medieval_an_d648d20e\derived\a_biographical_dictionary_of_ancient_medieval_an_d648d20e_cps_sentences_v1.jsonl"
"C0364"	"F01.jsonl"	"READY_CPS_JSONL"	"C:\OCRWork\WORKROOTS\a_catholic_dictionary_the_catholic_encyclopaedic_0259f578\derived\a_catholic_dictionary_the_catholic_encyclopaedic_0259f578_cps_sentences_ready_v1.jsonl"
"C0364"	"F02.jsonl"	"CPS_JSONL"	"C:\OCRWork\WORKROOTS\a_catholic_dictionary_the_catholic_encyclopaedic_0259f578\derived\a_catholic_dictionary_the_catholic_encyclopaedic_0259f578_cps_sentences_v1.jsonl"
"C0365"	"F01.jsonl"	"READY_CPS_JSONL"	"C:\OCRWork\WORKROOTS\a_concise_dictionary_of_architectural_terms_dove_8f03deb9\derived\a_concise_dictionary_of_architectural_terms_dove_8f03deb9_cps_sentences_ready_v1.jsonl"
"C0365"	"F02.jsonl"	"CPS_JSONL"	"C:\OCRWork\WORKROOTS\a_concise_dictionary_of_architectural_terms_dove_8f03deb9\derived\a_concise_dictionary_of_architectural_terms_dove_8f03deb9_cps_sentences_v1.jsonl"
"C0366"	"F01.jsonl"	"READY_CPS_JSONL"	"C:\OCRWork\WORKROOTS\a_concise_dictionary_of_quran_dr_abdul_azeez_abd_8d9beaf4\derived\a_concise_dictionary_of_quran_dr_abdul_azeez_abd_8d9beaf4_cps_sentences_ready_v1.jsonl"
"C0366"	"F02.jsonl"	"CPS_JSONL"	"C:\OCRWork\WORKROOTS\a_concise_dictionary_of_quran_dr_abdul_azeez_abd_8d9beaf4\derived\a_concise_dictionary_of_quran_dr_abdul_azeez_abd_8d9beaf4_cps_sentences_v1.jsonl"
"C0367"	"F01.jsonl"	"READY_CPS_JSONL"	"C:\OCRWork\WORKROOTS\a_concise_lincoln_dictionary_thoughts_and_statem_b30c099d\derived\a_concise_lincoln_dictionary_thoughts_and_statem_b30c099d_cps_sentences_ready_v1.jsonl"
"C0367"	"F02.jsonl"	"CPS_JSONL"	"C:\OCRWork\WORKROOTS\a_concise_lincoln_dictionary_thoughts_and_statem_b30c099d\derived\a_concise_lincoln_dictionary_thoughts_and_statem_b30c099d_cps_sentences_v1.jsonl"
"C0368"	"F01.jsonl"	"READY_CPS_JSONL"	"C:\OCRWork\WORKROOTS\a_consumer_s_dictionary_of_food_additives_7th_ed_33f7c513\derived\a_consumer_s_dictionary_of_food_additives_7th_ed_33f7c513_cps_sentences_ready_v1.jsonl"
"C0368"	"F02.jsonl"	"CPS_JSONL"	"C:\OCRWork\WORKROOTS\a_consumer_s_dictionary_of_food_additives_7th_ed_33f7c513\derived\a_consumer_s_dictionary_of_food_additives_7th_ed_33f7c513_cps_sentences_v1.jsonl"
"C0369"	"F01.jsonl"	"READY_CPS_JSONL"	"C:\OCRWork\WORKROOTS\a_coptic_dictionary_walter_e_crum_1939_clarendon_a7f0a98e\derived\a_coptic_dictionary_walter_e_crum_1939_clarendon_a7f0a98e_cps_sentences_ready_v1.jsonl"
"C0369"	"F02.jsonl"	"CPS_JSONL"	"C:\OCRWork\WORKROOTS\a_coptic_dictionary_walter_e_crum_1939_clarendon_a7f0a98e\derived\a_coptic_dictionary_walter_e_crum_1939_clarendon_a7f0a98e_cps_sentences_v1.jsonl"
"C0370"	"F01.jsonl"	"READY_CPS_JSONL"	"C:\OCRWork\WORKROOTS\a_culture_of_growth_the_origins_of_the_modern_ec_97019253\derived\a_culture_of_growth_the_origins_of_the_modern_ec_97019253_cps_sentences_ready_v1.jsonl"
"C0370"	"F02.jsonl"	"CPS_JSONL"	"C:\OCRWork\WORKROOTS\a_culture_of_growth_the_origins_of_the_modern_ec_97019253\derived\a_culture_of_growth_the_origins_of_the_modern_ec_97019253_cps_sentences_v1.jsonl"
"C0371"	"F01.jsonl"	"READY_CPS_JSONL"	"C:\OCRWork\WORKROOTS\a_dictionary_of_ancient_near_eastern_architectur_b6e152ff\derived\a_dictionary_of_ancient_near_eastern_architectur_b6e152ff_cps_sentences_ready_v1.jsonl"
"C0371"	"F02.jsonl"	"CPS_JSONL"	"C:\OCRWork\WORKROOTS\a_dictionary_of_ancient_near_eastern_architectur_b6e152ff\derived\a_dictionary_of_ancient_near_eastern_architectur_b6e152ff_cps_sentences_v1.jsonl"
"C0372"	"F01.jsonl"	"READY_CPS_JSONL"	"C:\OCRWork\WORKROOTS\a_dictionary_of_applied_chemistry_in_5_vol_v_1_t_1d389234\derived\a_dictionary_of_applied_chemistry_in_5_vol_v_1_t_1d389234_cps_sentences_ready_v1.jsonl"
"C0372"	"F02.jsonl"	"CPS_JSONL"	"C:\OCRWork\WORKROOTS\a_dictionary_of_applied_chemistry_in_5_vol_v_1_t_1d389234\derived\a_dictionary_of_applied_chemistry_in_5_vol_v_1_t_1d389234_cps_sentences_v1.jsonl"
"C0373"	"F01.jsonl"	"READY_CPS_JSONL"	"C:\OCRWork\WORKROOTS\a_dictionary_of_archaic_and_provincial_words_obs_e4577f90\derived\a_dictionary_of_archaic_and_provincial_words_obs_e4577f90_cps_sentences_ready_v1.jsonl"
"C0373"	"F02.jsonl"	"CPS_JSONL"	"C:\OCRWork\WORKROOTS\a_dictionary_of_archaic_and_provincial_words_obs_e4577f90\derived\a_dictionary_of_archaic_and_provincial_words_obs_e4577f90_cps_sentences_v1.jsonl"
"C0374"	"F01.jsonl"	"READY_CPS_JSONL"	"C:\OCRWork\WORKROOTS\a_dictionary_of_books_relating_to_america_from_i_2c03761f\derived\a_dictionary_of_books_relating_to_america_from_i_2c03761f_cps_sentences_ready_v1.jsonl"
"C0374"	"F02.jsonl"	"CPS_JSONL"	"C:\OCRWork\WORKROOTS\a_dictionary_of_books_relating_to_america_from_i_2c03761f\derived\a_dictionary_of_books_relating_to_america_from_i_2c03761f_cps_sentences_v1.jsonl"
"C0375"	"F01.jsonl"	"READY_CPS_JSONL"	"C:\OCRWork\WORKROOTS\a_dictionary_of_books_relating_to_america_from_i_3a4d0786\derived\a_dictionary_of_books_relating_to_america_from_i_3a4d0786_cps_sentences_ready_v1.jsonl"
"C0375"	"F02.jsonl"	"CPS_JSONL"	"C:\OCRWork\WORKROOTS\a_dictionary_of_books_relating_to_america_from_i_3a4d0786\derived\a_dictionary_of_books_relating_to_america_from_i_3a4d0786_cps_sentences_v1.jsonl"
"C0376"	"F01.jsonl"	"READY_CPS_JSONL"	"C:\OCRWork\WORKROOTS\a_dictionary_of_books_relating_to_america_from_i_adf8a20f\derived\a_dictionary_of_books_relating_to_america_from_i_adf8a20f_cps_sentences_ready_v1.jsonl"
"C0376"	"F02.jsonl"	"CPS_JSONL"	"C:\OCRWork\WORKROOTS\a_dictionary_of_books_relating_to_america_from_i_adf8a20f\derived\a_dictionary_of_books_relating_to_america_from_i_adf8a20f_cps_sentences_v1.jsonl"
"C0377"	"F01.jsonl"	"READY_CPS_JSONL"	"C:\OCRWork\WORKROOTS\a_dictionary_of_books_relating_to_america_from_i_dd63ff9e\derived\a_dictionary_of_books_relating_to_america_from_i_dd63ff9e_cps_sentences_ready_v1.jsonl"
"C0377"	"F02.jsonl"	"CPS_JSONL"	"C:\OCRWork\WORKROOTS\a_dictionary_of_books_relating_to_america_from_i_dd63ff9e\derived\a_dictionary_of_books_relating_to_america_from_i_dd63ff9e_cps_sentences_v1.jsonl"
"C0378"	"F01.jsonl"	"READY_CPS_JSONL"	"C:\OCRWork\WORKROOTS\a_dictionary_of_christian_antiquities_being_a_co_75b3bda3\derived\a_dictionary_of_christian_antiquities_being_a_co_75b3bda3_cps_sentences_ready_v1.jsonl"
"C0378"	"F02.jsonl"	"CPS_JSONL"	"C:\OCRWork\WORKROOTS\a_dictionary_of_christian_antiquities_being_a_co_75b3bda3\derived\a_dictionary_of_christian_antiquities_being_a_co_75b3bda3_cps_sentences_v1.jsonl"
"C0379"	"F01.jsonl"	"READY_CPS_JSONL"	"C:\OCRWork\WORKROOTS\a_dictionary_of_cockney_rhyming_slang_duncan_whe_5d529532\derived\a_dictionary_of_cockney_rhyming_slang_duncan_whe_5d529532_cps_sentences_ready_v1.jsonl"
"C0379"	"F02.jsonl"	"CPS_JSONL"	"C:\OCRWork\WORKROOTS\a_dictionary_of_cockney_rhyming_slang_duncan_whe_5d529532\derived\a_dictionary_of_cockney_rhyming_slang_duncan_whe_5d529532_cps_sentences_v1.jsonl"
"C0380"	"F01.jsonl"	"READY_CPS_JSONL"	"C:\OCRWork\WORKROOTS\a_dictionary_of_critical_theory_ian_buchanan_1st_2bab1631\derived\a_dictionary_of_critical_theory_ian_buchanan_1st_2bab1631_cps_sentences_ready_v1.jsonl"
"C0380"	"F02.jsonl"	"CPS_JSONL"	"C:\OCRWork\WORKROOTS\a_dictionary_of_critical_theory_ian_buchanan_1st_2bab1631\derived\a_dictionary_of_critical_theory_ian_buchanan_1st_2bab1631_cps_sentences_v1.jsonl"
"C0381"	"F01.jsonl"	"READY_CPS_JSONL"	"C:\OCRWork\WORKROOTS\a_dictionary_of_electrical_engineering_r_s_aliso_90df1584\derived\a_dictionary_of_electrical_engineering_r_s_aliso_90df1584_cps_sentences_ready_v1.jsonl"
"C0381"	"F02.jsonl"	"CPS_JSONL"	"C:\OCRWork\WORKROOTS\a_dictionary_of_electrical_engineering_r_s_aliso_90df1584\derived\a_dictionary_of_electrical_engineering_r_s_aliso_90df1584_cps_sentences_v1.jsonl"
"C0382"	"F01.jsonl"	"READY_CPS_JSONL"	"C:\OCRWork\WORKROOTS\a_dictionary_of_english_etymology_a_z_2_ed_wedgw_954b454b\derived\a_dictionary_of_english_etymology_a_z_2_ed_wedgw_954b454b_cps_sentences_ready_v1.jsonl"
"C0382"	"F02.jsonl"	"CPS_JSONL"	"C:\OCRWork\WORKROOTS\a_dictionary_of_english_etymology_a_z_2_ed_wedgw_954b454b\derived\a_dictionary_of_english_etymology_a_z_2_ed_wedgw_954b454b_cps_sentences_v1.jsonl"
"C0383"	"F01.jsonl"	"READY_CPS_JSONL"	"C:\OCRWork\WORKROOTS\a_dictionary_of_heraldry_harmony_books_edited_by_fed73585\derived\a_dictionary_of_heraldry_harmony_books_edited_by_fed73585_cps_sentences_ready_v1.jsonl"
"C0383"	"F02.jsonl"	"CPS_JSONL"	"C:\OCRWork\WORKROOTS\a_dictionary_of_heraldry_harmony_books_edited_by_fed73585\derived\a_dictionary_of_heraldry_harmony_books_edited_by_fed73585_cps_sentences_v1.jsonl"
"C0384"	"F01.jsonl"	"READY_CPS_JSONL"	"C:\OCRWork\WORKROOTS\a_dictionary_of_latin_phrases_william_robertson_3ae28206\derived\a_dictionary_of_latin_phrases_william_robertson_3ae28206_cps_sentences_ready_v1.jsonl"
"C0384"	"F02.jsonl"	"CPS_JSONL"	"C:\OCRWork\WORKROOTS\a_dictionary_of_latin_phrases_william_robertson_3ae28206\derived\a_dictionary_of_latin_phrases_william_robertson_3ae28206_cps_sentences_v1.jsonl"
"C0385"	"F01.jsonl"	"READY_CPS_JSONL"	"C:\OCRWork\WORKROOTS\a_dictionary_of_mechanical_science_arts_manufact_0e65a366\derived\a_dictionary_of_mechanical_science_arts_manufact_0e65a366_cps_sentences_ready_v1.jsonl"
"C0385"	"F02.jsonl"	"CPS_JSONL"	"C:\OCRWork\WORKROOTS\a_dictionary_of_mechanical_science_arts_manufact_0e65a366\derived\a_dictionary_of_mechanical_science_arts_manufact_0e65a366_cps_sentences_v1.jsonl"
"C0386"	"F01.jsonl"	"READY_CPS_JSONL"	"C:\OCRWork\WORKROOTS\a_dictionary_of_musical_terms_8ed_theodore_baker_4240fcfa\derived\a_dictionary_of_musical_terms_8ed_theodore_baker_4240fcfa_cps_sentences_ready_v1.jsonl"
"C0386"	"F02.jsonl"	"CPS_JSONL"	"C:\OCRWork\WORKROOTS\a_dictionary_of_musical_terms_8ed_theodore_baker_4240fcfa\derived\a_dictionary_of_musical_terms_8ed_theodore_baker_4240fcfa_cps_sentences_v1.jsonl"
"C0387"	"F01.jsonl"	"READY_CPS_JSONL"	"C:\OCRWork\WORKROOTS\a_dictionary_of_practical_materia_medica_vol_ii_dba2f12c\derived\a_dictionary_of_practical_materia_medica_vol_ii_dba2f12c_cps_sentences_ready_v1.jsonl"
"C0387"	"F02.jsonl"	"CPS_JSONL"	"C:\OCRWork\WORKROOTS\a_dictionary_of_practical_materia_medica_vol_ii_dba2f12c\derived\a_dictionary_of_practical_materia_medica_vol_ii_dba2f12c_cps_sentences_v1.jsonl"
"C0388"	"F01.jsonl"	"READY_CPS_JSONL"	"C:\OCRWork\WORKROOTS\a_dictionary_of_superstitions_and_mythology_bire_4d908572\derived\a_dictionary_of_superstitions_and_mythology_bire_4d908572_cps_sentences_ready_v1.jsonl"
"C0388"	"F02.jsonl"	"CPS_JSONL"	"C:\OCRWork\WORKROOTS\a_dictionary_of_superstitions_and_mythology_bire_4d908572\derived\a_dictionary_of_superstitions_and_mythology_bire_4d908572_cps_sentences_v1.jsonl"
"C0389"	"F01.jsonl"	"READY_CPS_JSONL"	"C:\OCRWork\WORKROOTS\a_dictionary_of_the_english_language_samuel_john_2478f840\derived\a_dictionary_of_the_english_language_samuel_john_2478f840_cps_sentences_ready_v1.jsonl"
"C0389"	"F02.jsonl"	"CPS_JSONL"	"C:\OCRWork\WORKROOTS\a_dictionary_of_the_english_language_samuel_john_2478f840\derived\a_dictionary_of_the_english_language_samuel_john_2478f840_cps_sentences_v1.jsonl"
"C0390"	"F01.jsonl"	"READY_CPS_JSONL"	"C:\OCRWork\WORKROOTS\a_dictionary_of_thoughts_tryon_edwards_d_d_7675c_a13b4ea6\derived\a_dictionary_of_thoughts_tryon_edwards_d_d_7675c_a13b4ea6_cps_sentences_ready_v1.jsonl"
"C0390"	"F02.jsonl"	"CPS_JSONL"	"C:\OCRWork\WORKROOTS\a_dictionary_of_thoughts_tryon_edwards_d_d_7675c_a13b4ea6\derived\a_dictionary_of_thoughts_tryon_edwards_d_d_7675c_a13b4ea6_cps_sentences_v1.jsonl"
"C0391"	"F01.jsonl"	"READY_CPS_JSONL"	"C:\OCRWork\WORKROOTS\a_farewell_to_alms_a_brief_economic_history_of_t_7e6f0dd4\derived\a_farewell_to_alms_a_brief_economic_history_of_t_7e6f0dd4_cps_sentences_ready_v1.jsonl"
"C0391"	"F02.jsonl"	"CPS_JSONL"	"C:\OCRWork\WORKROOTS\a_farewell_to_alms_a_brief_economic_history_of_t_7e6f0dd4\derived\a_farewell_to_alms_a_brief_economic_history_of_t_7e6f0dd4_cps_sentences_v1.jsonl"
"C0392"	"F01.jsonl"	"READY_CPS_JSONL"	"C:\OCRWork\WORKROOTS\a_millennium_of_family_change_feudalism_to_capit_6020d033\derived\a_millennium_of_family_change_feudalism_to_capit_6020d033_cps_sentences_ready_v1.jsonl"
"C0392"	"F02.jsonl"	"CPS_JSONL"	"C:\OCRWork\WORKROOTS\a_millennium_of_family_change_feudalism_to_capit_6020d033\derived\a_millennium_of_family_change_feudalism_to_capit_6020d033_cps_sentences_v1.jsonl"
"C0393"	"F01.jsonl"	"READY_CPS_JSONL"	"C:\OCRWork\WORKROOTS\a_millennium_of_family_change_feudalism_to_capit_78de5052\derived\a_millennium_of_family_change_feudalism_to_capit_78de5052_cps_sentences_ready_v1.jsonl"
"C0393"	"F02.jsonl"	"CPS_JSONL"	"C:\OCRWork\WORKROOTS\a_millennium_of_family_change_feudalism_to_capit_78de5052\derived\a_millennium_of_family_change_feudalism_to_capit_78de5052_cps_sentences_v1.jsonl"
"C0394"	"F01.jsonl"	"READY_CPS_JSONL"	"C:\OCRWork\WORKROOTS\a_milton_dictionary_edward_s_le_comte_1961_philo_c9ccaa6f\derived\a_milton_dictionary_edward_s_le_comte_1961_philo_c9ccaa6f_cps_sentences_ready_v1.jsonl"
"C0394"	"F02.jsonl"	"CPS_JSONL"	"C:\OCRWork\WORKROOTS\a_milton_dictionary_edward_s_le_comte_1961_philo_c9ccaa6f\derived\a_milton_dictionary_edward_s_le_comte_1961_philo_c9ccaa6f_cps_sentences_v1.jsonl"
"C0395"	"F01.jsonl"	"READY_CPS_JSONL"	"C:\OCRWork\WORKROOTS\a_new_dictionary_of_chemistry_miall_laurence_mac_07c902e8\derived\a_new_dictionary_of_chemistry_miall_laurence_mac_07c902e8_cps_sentences_ready_v1.jsonl"
"C0395"	"F02.jsonl"	"CPS_JSONL"	"C:\OCRWork\WORKROOTS\a_new_dictionary_of_chemistry_miall_laurence_mac_07c902e8\derived\a_new_dictionary_of_chemistry_miall_laurence_mac_07c902e8_cps_sentences_v1.jsonl"
"C0396"	"F01.jsonl"	"READY_CPS_JSONL"	"C:\OCRWork\WORKROOTS\a_new_universal_gazetteer_or_geographical_dictio_b1767d3c\derived\a_new_universal_gazetteer_or_geographical_dictio_b1767d3c_cps_sentences_ready_v1.jsonl"
"C0396"	"F02.jsonl"	"CPS_JSONL"	"C:\OCRWork\WORKROOTS\a_new_universal_gazetteer_or_geographical_dictio_b1767d3c\derived\a_new_universal_gazetteer_or_geographical_dictio_b1767d3c_cps_sentences_v1.jsonl"
"C0397"	"F01.jsonl"	"READY_CPS_JSONL"	"C:\OCRWork\WORKROOTS\a_people_that_shall_dwell_alone_judaism_as_a_gro_569fdda9\derived\a_people_that_shall_dwell_alone_judaism_as_a_gro_569fdda9_cps_sentences_ready_v1.jsonl"
"C0397"	"F02.jsonl"	"CPS_JSONL"	"C:\OCRWork\WORKROOTS\a_people_that_shall_dwell_alone_judaism_as_a_gro_569fdda9\derived\a_people_that_shall_dwell_alone_judaism_as_a_gro_569fdda9_cps_sentences_v1.jsonl"
"C0398"	"F01.jsonl"	"READY_CPS_JSONL"	"C:\OCRWork\WORKROOTS\a_pocket_guide_to_the_us_constitution_what_every_4dc34388\derived\a_pocket_guide_to_the_us_constitution_what_every_4dc34388_cps_sentences_ready_v1.jsonl"
"C0398"	"F02.jsonl"	"CPS_JSONL"	"C:\OCRWork\WORKROOTS\a_pocket_guide_to_the_us_constitution_what_every_4dc34388\derived\a_pocket_guide_to_the_us_constitution_what_every_4dc34388_cps_sentences_v1.jsonl"
"C0399"	"F01.jsonl"	"READY_CPS_JSONL"	"C:\OCRWork\WORKROOTS\a_pronouncing_dictionary_of_musical_terms_harry_d678f362\derived\a_pronouncing_dictionary_of_musical_terms_harry_d678f362_cps_sentences_ready_v1.jsonl"
"C0399"	"F02.jsonl"	"CPS_JSONL"	"C:\OCRWork\WORKROOTS\a_pronouncing_dictionary_of_musical_terms_harry_d678f362\derived\a_pronouncing_dictionary_of_musical_terms_harry_d678f362_cps_sentences_v1.jsonl"
"C0400"	"F01.jsonl"	"READY_CPS_JSONL"	"C:\OCRWork\WORKROOTS\a_short_economic_and_social_history_of_the_lake_3db9ecb4\derived\a_short_economic_and_social_history_of_the_lake_3db9ecb4_cps_sentences_ready_v1.jsonl"
"C0400"	"F02.jsonl"	"CPS_JSONL"	"C:\OCRWork\WORKROOTS\a_short_economic_and_social_history_of_the_lake_3db9ecb4\derived\a_short_economic_and_social_history_of_the_lake_3db9ecb4_cps_sentences_v1.jsonl"
"C0401"	"F01.jsonl"	"READY_CPS_JSONL"	"C:\OCRWork\WORKROOTS\aaps_initiatives_jan2026_18baab71\derived\aaps_initiatives_jan2026_18baab71_cps_sentences_ready_v1.jsonl"
"C0401"	"F02.jsonl"	"CPS_JSONL"	"C:\OCRWork\WORKROOTS\aaps_initiatives_jan2026_18baab71\derived\aaps_initiatives_jan2026_18baab71_cps_sentences_v1.jsonl"
"C0402"	"F01.jsonl"	"READY_CPS_JSONL"	"C:\OCRWork\WORKROOTS\aaps_news_v78n01_3e31eea6\derived\aaps_news_v78n01_3e31eea6_cps_sentences_ready_v1.jsonl"
"C0402"	"F02.jsonl"	"CPS_JSONL"	"C:\OCRWork\WORKROOTS\aaps_news_v78n01_3e31eea6\derived\aaps_news_v78n01_3e31eea6_cps_sentences_v1.jsonl"
"C0403"	"F01.jsonl"	"READY_CPS_JSONL"	"C:\OCRWork\WORKROOTS\aaps_news_v78n04_1fedc19a\derived\aaps_news_v78n04_1fedc19a_cps_sentences_ready_v1.jsonl"
"C0403"	"F02.jsonl"	"CPS_JSONL"	"C:\OCRWork\WORKROOTS\aaps_news_v78n04_1fedc19a\derived\aaps_news_v78n04_1fedc19a_cps_sentences_v1.jsonl"
"C0404"	"F01.jsonl"	"READY_CPS_JSONL"	"C:\OCRWork\WORKROOTS\aaps_news_v78n08_990695f8\derived\aaps_news_v78n08_990695f8_cps_sentences_ready_v1.jsonl"
"C0404"	"F02.jsonl"	"CPS_JSONL"	"C:\OCRWork\WORKROOTS\aaps_news_v78n08_990695f8\derived\aaps_news_v78n08_990695f8_cps_sentences_v1.jsonl"
"C0405"	"F01.jsonl"	"READY_CPS_JSONL"	"C:\OCRWork\WORKROOTS\aaps_news_v78n10_37d188e0\derived\aaps_news_v78n10_37d188e0_cps_sentences_ready_v1.jsonl"
"C0405"	"F02.jsonl"	"CPS_JSONL"	"C:\OCRWork\WORKROOTS\aaps_news_v78n10_37d188e0\derived\aaps_news_v78n10_37d188e0_cps_sentences_v1.jsonl"
"C0406"	"F01.jsonl"	"READY_CPS_JSONL"	"C:\OCRWork\WORKROOTS\aaps_news_v78n11_750ea3b0\derived\aaps_news_v78n11_750ea3b0_cps_sentences_ready_v1.jsonl"
"C0406"	"F02.jsonl"	"CPS_JSONL"	"C:\OCRWork\WORKROOTS\aaps_news_v78n11_750ea3b0\derived\aaps_news_v78n11_750ea3b0_cps_sentences_v1.jsonl"
"C0407"	"F01.jsonl"	"READY_CPS_JSONL"	"C:\OCRWork\WORKROOTS\aaps_news_v78n12_c224c518\derived\aaps_news_v78n12_c224c518_cps_sentences_ready_v1.jsonl"
"C0407"	"F02.jsonl"	"CPS_JSONL"	"C:\OCRWork\WORKROOTS\aaps_news_v78n12_c224c518\derived\aaps_news_v78n12_c224c518_cps_sentences_v1.jsonl"
"C0408"	"F01.jsonl"	"READY_CPS_JSONL"	"C:\OCRWork\WORKROOTS\aaps_news_v79n01_86e62ac8\derived\aaps_news_v79n01_86e62ac8_cps_sentences_ready_v1.jsonl"
"C0408"	"F02.jsonl"	"CPS_JSONL"	"C:\OCRWork\WORKROOTS\aaps_news_v79n01_86e62ac8\derived\aaps_news_v79n01_86e62ac8_cps_sentences_v1.jsonl"
"C0409"	"F01.jsonl"	"READY_CPS_JSONL"	"C:\OCRWork\WORKROOTS\aaps_news_v79n02_fe1a5466\derived\aaps_news_v79n02_fe1a5466_cps_sentences_ready_v1.jsonl"
"C0409"	"F02.jsonl"	"CPS_JSONL"	"C:\OCRWork\WORKROOTS\aaps_news_v79n02_fe1a5466\derived\aaps_news_v79n02_fe1a5466_cps_sentences_v1.jsonl"
"C0410"	"F01.jsonl"	"READY_CPS_JSONL"	"C:\OCRWork\WORKROOTS\aaps_news_v79n03_e92b26f5\derived\aaps_news_v79n03_e92b26f5_cps_sentences_ready_v1.jsonl"
"C0410"	"F02.jsonl"	"CPS_JSONL"	"C:\OCRWork\WORKROOTS\aaps_news_v79n03_e92b26f5\derived\aaps_news_v79n03_e92b26f5_cps_sentences_v1.jsonl"
"C0411"	"F01.jsonl"	"READY_CPS_JSONL"	"C:\OCRWork\WORKROOTS\aaps_news_v79n05_0e1b80f3\derived\aaps_news_v79n05_0e1b80f3_cps_sentences_ready_v1.jsonl"
"C0411"	"F02.jsonl"	"CPS_JSONL"	"C:\OCRWork\WORKROOTS\aaps_news_v79n05_0e1b80f3\derived\aaps_news_v79n05_0e1b80f3_cps_sentences_v1.jsonl"
"C0412"	"F01.jsonl"	"READY_CPS_JSONL"	"C:\OCRWork\WORKROOTS\aaps_news_v79n08_88e8fc8d\derived\aaps_news_v79n08_88e8fc8d_cps_sentences_ready_v1.jsonl"
"C0412"	"F02.jsonl"	"CPS_JSONL"	"C:\OCRWork\WORKROOTS\aaps_news_v79n08_88e8fc8d\derived\aaps_news_v79n08_88e8fc8d_cps_sentences_v1.jsonl"
"C0413"	"F01.jsonl"	"READY_CPS_JSONL"	"C:\OCRWork\WORKROOTS\aaps_news_v79n09_98f7f7a0\derived\aaps_news_v79n09_98f7f7a0_cps_sentences_ready_v1.jsonl"
"C0413"	"F02.jsonl"	"CPS_JSONL"	"C:\OCRWork\WORKROOTS\aaps_news_v79n09_98f7f7a0\derived\aaps_news_v79n09_98f7f7a0_cps_sentences_v1.jsonl"
"C0414"	"F01.jsonl"	"READY_CPS_JSONL"	"C:\OCRWork\WORKROOTS\aaps_news_v79n10_984f906b\derived\aaps_news_v79n10_984f906b_cps_sentences_ready_v1.jsonl"
"C0414"	"F02.jsonl"	"CPS_JSONL"	"C:\OCRWork\WORKROOTS\aaps_news_v79n10_984f906b\derived\aaps_news_v79n10_984f906b_cps_sentences_v1.jsonl"
"C0415"	"F01.jsonl"	"READY_CPS_JSONL"	"C:\OCRWork\WORKROOTS\aaps_news_v79n11_bb60bc52\derived\aaps_news_v79n11_bb60bc52_cps_sentences_ready_v1.jsonl"
"C0415"	"F02.jsonl"	"CPS_JSONL"	"C:\OCRWork\WORKROOTS\aaps_news_v79n11_bb60bc52\derived\aaps_news_v79n11_bb60bc52_cps_sentences_v1.jsonl"
"C0416"	"F01.jsonl"	"READY_CPS_JSONL"	"C:\OCRWork\WORKROOTS\aaps_news_v79n12_74397e97\derived\aaps_news_v79n12_74397e97_cps_sentences_ready_v1.jsonl"
"C0416"	"F02.jsonl"	"CPS_JSONL"	"C:\OCRWork\WORKROOTS\aaps_news_v79n12_74397e97\derived\aaps_news_v79n12_74397e97_cps_sentences_v1.jsonl"
"C0417"	"F01.jsonl"	"READY_CPS_JSONL"	"C:\OCRWork\WORKROOTS\aaps_news_v80n1_f4677a7c\derived\aaps_news_v80n1_f4677a7c_cps_sentences_ready_v1.jsonl"
"C0417"	"F02.jsonl"	"CPS_JSONL"	"C:\OCRWork\WORKROOTS\aaps_news_v80n1_f4677a7c\derived\aaps_news_v80n1_f4677a7c_cps_sentences_v1.jsonl"
"C0418"	"F01.jsonl"	"READY_CPS_JSONL"	"C:\OCRWork\WORKROOTS\aaps_news_v80n10_5c221e47\derived\aaps_news_v80n10_5c221e47_cps_sentences_ready_v1.jsonl"
"C0418"	"F02.jsonl"	"CPS_JSONL"	"C:\OCRWork\WORKROOTS\aaps_news_v80n10_5c221e47\derived\aaps_news_v80n10_5c221e47_cps_sentences_v1.jsonl"
"C0419"	"F01.jsonl"	"READY_CPS_JSONL"	"C:\OCRWork\WORKROOTS\aaps_news_v80n11_81761db0\derived\aaps_news_v80n11_81761db0_cps_sentences_ready_v1.jsonl"
"C0419"	"F02.jsonl"	"CPS_JSONL"	"C:\OCRWork\WORKROOTS\aaps_news_v80n11_81761db0\derived\aaps_news_v80n11_81761db0_cps_sentences_v1.jsonl"
"C0420"	"F01.jsonl"	"READY_CPS_JSONL"	"C:\OCRWork\WORKROOTS\aaps_news_v80n12_5cc061f7\derived\aaps_news_v80n12_5cc061f7_cps_sentences_ready_v1.jsonl"
"C0420"	"F02.jsonl"	"CPS_JSONL"	"C:\OCRWork\WORKROOTS\aaps_news_v80n12_5cc061f7\derived\aaps_news_v80n12_5cc061f7_cps_sentences_v1.jsonl"
"C0421"	"F01.jsonl"	"READY_CPS_JSONL"	"C:\OCRWork\WORKROOTS\aaps_news_v80n2_f2a7f311\derived\aaps_news_v80n2_f2a7f311_cps_sentences_ready_v1.jsonl"
"C0421"	"F02.jsonl"	"CPS_JSONL"	"C:\OCRWork\WORKROOTS\aaps_news_v80n2_f2a7f311\derived\aaps_news_v80n2_f2a7f311_cps_sentences_v1.jsonl"
"C0422"	"F01.jsonl"	"READY_CPS_JSONL"	"C:\OCRWork\WORKROOTS\aaps_news_v80n3_0f5d0314\derived\aaps_news_v80n3_0f5d0314_cps_sentences_ready_v1.jsonl"
"C0422"	"F02.jsonl"	"CPS_JSONL"	"C:\OCRWork\WORKROOTS\aaps_news_v80n3_0f5d0314\derived\aaps_news_v80n3_0f5d0314_cps_sentences_v1.jsonl"
"C0423"	"F01.jsonl"	"READY_CPS_JSONL"	"C:\OCRWork\WORKROOTS\aaps_news_v80n4_4785d81e\derived\aaps_news_v80n4_4785d81e_cps_sentences_ready_v1.jsonl"
"C0423"	"F02.jsonl"	"CPS_JSONL"	"C:\OCRWork\WORKROOTS\aaps_news_v80n4_4785d81e\derived\aaps_news_v80n4_4785d81e_cps_sentences_v1.jsonl"
"C0424"	"F01.jsonl"	"READY_CPS_JSONL"	"C:\OCRWork\WORKROOTS\aaps_news_v80n5_6bc220f3\derived\aaps_news_v80n5_6bc220f3_cps_sentences_ready_v1.jsonl"
"C0424"	"F02.jsonl"	"CPS_JSONL"	"C:\OCRWork\WORKROOTS\aaps_news_v80n5_6bc220f3\derived\aaps_news_v80n5_6bc220f3_cps_sentences_v1.jsonl"
"C0425"	"F01.jsonl"	"READY_CPS_JSONL"	"C:\OCRWork\WORKROOTS\aaps_news_v80n6_387fdafd\derived\aaps_news_v80n6_387fdafd_cps_sentences_ready_v1.jsonl"
"C0425"	"F02.jsonl"	"CPS_JSONL"	"C:\OCRWork\WORKROOTS\aaps_news_v80n6_387fdafd\derived\aaps_news_v80n6_387fdafd_cps_sentences_v1.jsonl"
"C0426"	"F01.jsonl"	"READY_CPS_JSONL"	"C:\OCRWork\WORKROOTS\aaps_news_v80n7_58b76651\derived\aaps_news_v80n7_58b76651_cps_sentences_ready_v1.jsonl"
"C0426"	"F02.jsonl"	"CPS_JSONL"	"C:\OCRWork\WORKROOTS\aaps_news_v80n7_58b76651\derived\aaps_news_v80n7_58b76651_cps_sentences_v1.jsonl"
"C0427"	"F01.jsonl"	"READY_CPS_JSONL"	"C:\OCRWork\WORKROOTS\aaps_news_v80n9_66667e44\derived\aaps_news_v80n9_66667e44_cps_sentences_ready_v1.jsonl"
"C0427"	"F02.jsonl"	"CPS_JSONL"	"C:\OCRWork\WORKROOTS\aaps_news_v80n9_66667e44\derived\aaps_news_v80n9_66667e44_cps_sentences_v1.jsonl"
"C0428"	"F01.jsonl"	"READY_CPS_JSONL"	"C:\OCRWork\WORKROOTS\aaps_news_v81n1_eb3b56ca\derived\aaps_news_v81n1_eb3b56ca_cps_sentences_ready_v1.jsonl"
"C0428"	"F02.jsonl"	"CPS_JSONL"	"C:\OCRWork\WORKROOTS\aaps_news_v81n1_eb3b56ca\derived\aaps_news_v81n1_eb3b56ca_cps_sentences_v1.jsonl"
"C0429"	"F01.jsonl"	"READY_CPS_JSONL"	"C:\OCRWork\WORKROOTS\aaps_news_v81n10_d0a396c9\derived\aaps_news_v81n10_d0a396c9_cps_sentences_ready_v1.jsonl"
"C0429"	"F02.jsonl"	"CPS_JSONL"	"C:\OCRWork\WORKROOTS\aaps_news_v81n10_d0a396c9\derived\aaps_news_v81n10_d0a396c9_cps_sentences_v1.jsonl"
"C0430"	"F01.jsonl"	"READY_CPS_JSONL"	"C:\OCRWork\WORKROOTS\aaps_news_v81n11_81eeb26a\derived\aaps_news_v81n11_81eeb26a_cps_sentences_ready_v1.jsonl"
"C0430"	"F02.jsonl"	"CPS_JSONL"	"C:\OCRWork\WORKROOTS\aaps_news_v81n11_81eeb26a\derived\aaps_news_v81n11_81eeb26a_cps_sentences_v1.jsonl"
"C0431"	"F01.jsonl"	"READY_CPS_JSONL"	"C:\OCRWork\WORKROOTS\aaps_news_v81n12_cafc8cf0\derived\aaps_news_v81n12_cafc8cf0_cps_sentences_ready_v1.jsonl"
"C0431"	"F02.jsonl"	"CPS_JSONL"	"C:\OCRWork\WORKROOTS\aaps_news_v81n12_cafc8cf0\derived\aaps_news_v81n12_cafc8cf0_cps_sentences_v1.jsonl"
"C0432"	"F01.jsonl"	"READY_CPS_JSONL"	"C:\OCRWork\WORKROOTS\aaps_news_v81n2_8c5e057c\derived\aaps_news_v81n2_8c5e057c_cps_sentences_ready_v1.jsonl"
"C0432"	"F02.jsonl"	"CPS_JSONL"	"C:\OCRWork\WORKROOTS\aaps_news_v81n2_8c5e057c\derived\aaps_news_v81n2_8c5e057c_cps_sentences_v1.jsonl"
"C0433"	"F01.jsonl"	"READY_CPS_JSONL"	"C:\OCRWork\WORKROOTS\aaps_news_v81n3_1461710f\derived\aaps_news_v81n3_1461710f_cps_sentences_ready_v1.jsonl"
"C0433"	"F02.jsonl"	"CPS_JSONL"	"C:\OCRWork\WORKROOTS\aaps_news_v81n3_1461710f\derived\aaps_news_v81n3_1461710f_cps_sentences_v1.jsonl"
"C0434"	"F01.jsonl"	"READY_CPS_JSONL"	"C:\OCRWork\WORKROOTS\aaps_news_v81n4_e025d019\derived\aaps_news_v81n4_e025d019_cps_sentences_ready_v1.jsonl"
"C0434"	"F02.jsonl"	"CPS_JSONL"	"C:\OCRWork\WORKROOTS\aaps_news_v81n4_e025d019\derived\aaps_news_v81n4_e025d019_cps_sentences_v1.jsonl"
"C0435"	"F01.jsonl"	"READY_CPS_JSONL"	"C:\OCRWork\WORKROOTS\aaps_news_v81n5_9155a12b\derived\aaps_news_v81n5_9155a12b_cps_sentences_ready_v1.jsonl"
"C0435"	"F02.jsonl"	"CPS_JSONL"	"C:\OCRWork\WORKROOTS\aaps_news_v81n5_9155a12b\derived\aaps_news_v81n5_9155a12b_cps_sentences_v1.jsonl"
"C0436"	"F01.jsonl"	"READY_CPS_JSONL"	"C:\OCRWork\WORKROOTS\aaps_news_v81n6_b97c900c\derived\aaps_news_v81n6_b97c900c_cps_sentences_ready_v1.jsonl"
"C0436"	"F02.jsonl"	"CPS_JSONL"	"C:\OCRWork\WORKROOTS\aaps_news_v81n6_b97c900c\derived\aaps_news_v81n6_b97c900c_cps_sentences_v1.jsonl"
"C0437"	"F01.jsonl"	"READY_CPS_JSONL"	"C:\OCRWork\WORKROOTS\aaps_news_v81n7_22f4db9b\derived\aaps_news_v81n7_22f4db9b_cps_sentences_ready_v1.jsonl"
"C0437"	"F02.jsonl"	"CPS_JSONL"	"C:\OCRWork\WORKROOTS\aaps_news_v81n7_22f4db9b\derived\aaps_news_v81n7_22f4db9b_cps_sentences_v1.jsonl"
"C0438"	"F01.jsonl"	"READY_CPS_JSONL"	"C:\OCRWork\WORKROOTS\aaps_news_v81n8_f5b90726\derived\aaps_news_v81n8_f5b90726_cps_sentences_ready_v1.jsonl"
"C0438"	"F02.jsonl"	"CPS_JSONL"	"C:\OCRWork\WORKROOTS\aaps_news_v81n8_f5b90726\derived\aaps_news_v81n8_f5b90726_cps_sentences_v1.jsonl"
"C0439"	"F01.jsonl"	"READY_CPS_JSONL"	"C:\OCRWork\WORKROOTS\aaps_news_v81n9_6f4b96f1\derived\aaps_news_v81n9_6f4b96f1_cps_sentences_ready_v1.jsonl"
"C0439"	"F02.jsonl"	"CPS_JSONL"	"C:\OCRWork\WORKROOTS\aaps_news_v81n9_6f4b96f1\derived\aaps_news_v81n9_6f4b96f1_cps_sentences_v1.jsonl"
"C0440"	"F01.jsonl"	"READY_CPS_JSONL"	"C:\OCRWork\WORKROOTS\aaps_news_v82n2_29eed5db\derived\aaps_news_v82n2_29eed5db_cps_sentences_ready_v1.jsonl"
"C0440"	"F02.jsonl"	"CPS_JSONL"	"C:\OCRWork\WORKROOTS\aaps_news_v82n2_29eed5db\derived\aaps_news_v82n2_29eed5db_cps_sentences_v1.jsonl"
"C0441"	"F01.jsonl"	"READY_CPS_JSONL"	"C:\OCRWork\WORKROOTS\aaps_news_vol82n1_5ceb5267\derived\aaps_news_vol82n1_5ceb5267_cps_sentences_ready_v1.jsonl"
"C0441"	"F02.jsonl"	"CPS_JSONL"	"C:\OCRWork\WORKROOTS\aaps_news_vol82n1_5ceb5267\derived\aaps_news_vol82n1_5ceb5267_cps_sentences_v1.jsonl"
"C0442"	"F01.jsonl"	"READY_CPS_JSONL"	"C:\OCRWork\WORKROOTS\abap_data_dictionary_rusakovich_vi_2011_370b9422_b3d52fb6\derived\abap_data_dictionary_rusakovich_vi_2011_370b9422_b3d52fb6_cps_sentences_ready_v1.jsonl"
"C0442"	"F02.jsonl"	"CPS_JSONL"	"C:\OCRWork\WORKROOTS\abap_data_dictionary_rusakovich_vi_2011_370b9422_b3d52fb6\derived\abap_data_dictionary_rusakovich_vi_2011_370b9422_b3d52fb6_cps_sentences_v1.jsonl"
"C0443"	"F01.jsonl"	"READY_CPS_JSONL"	"C:\OCRWork\WORKROOTS\accident_the_death_of_general_sikorski_irving_da_7bed29bc\derived\accident_the_death_of_general_sikorski_irving_da_7bed29bc_cps_sentences_ready_v1.jsonl"
"C0443"	"F02.jsonl"	"CPS_JSONL"	"C:\OCRWork\WORKROOTS\accident_the_death_of_general_sikorski_irving_da_7bed29bc\derived\accident_the_death_of_general_sikorski_irving_da_7bed29bc_cps_sentences_v1.jsonl"
"C0444"	"F01.jsonl"	"READY_CPS_JSONL"	"C:\OCRWork\WORKROOTS\acronym_dictionary_f53bc53a4e3018ce5cf7a3dfa99a0_fa2a1566\derived\acronym_dictionary_f53bc53a4e3018ce5cf7a3dfa99a0_fa2a1566_cps_sentences_ready_v1.jsonl"
"C0444"	"F02.jsonl"	"CPS_JSONL"	"C:\OCRWork\WORKROOTS\acronym_dictionary_f53bc53a4e3018ce5cf7a3dfa99a0_fa2a1566\derived\acronym_dictionary_f53bc53a4e3018ce5cf7a3dfa99a0_fa2a1566_cps_sentences_v1.jsonl"
"C0445"	"F01.jsonl"	"READY_CPS_JSONL"	"C:\OCRWork\WORKROOTS\alexandre_dumas_dictionary_of_cuisine_kegan_paul_8937f3a2\derived\alexandre_dumas_dictionary_of_cuisine_kegan_paul_8937f3a2_cps_sentences_ready_v1.jsonl"
"C0445"	"F02.jsonl"	"CPS_JSONL"	"C:\OCRWork\WORKROOTS\alexandre_dumas_dictionary_of_cuisine_kegan_paul_8937f3a2\derived\alexandre_dumas_dictionary_of_cuisine_kegan_paul_8937f3a2_cps_sentences_v1.jsonl"
"C0446"	"F01.jsonl"	"READY_CPS_JSONL"	"C:\OCRWork\WORKROOTS\american_archives_fourth_series_containing_a_doc_025692df\derived\american_archives_fourth_series_containing_a_doc_025692df_cps_sentences_ready_v1.jsonl"
"C0446"	"F02.jsonl"	"CPS_JSONL"	"C:\OCRWork\WORKROOTS\american_archives_fourth_series_containing_a_doc_025692df\derived\american_archives_fourth_series_containing_a_doc_025692df_cps_sentences_v1.jsonl"
"C0447"	"F01.jsonl"	"READY_CPS_JSONL"	"C:\OCRWork\WORKROOTS\american_archives_fourth_series_containing_a_doc_a2e31264\derived\american_archives_fourth_series_containing_a_doc_a2e31264_cps_sentences_ready_v1.jsonl"
"C0447"	"F02.jsonl"	"CPS_JSONL"	"C:\OCRWork\WORKROOTS\american_archives_fourth_series_containing_a_doc_a2e31264\derived\american_archives_fourth_series_containing_a_doc_a2e31264_cps_sentences_v1.jsonl"
"C0448"	"F01.jsonl"	"READY_CPS_JSONL"	"C:\OCRWork\WORKROOTS\an_age_of_saints_power_conflict_and_dissent_in_e_4c1e5e81\derived\an_age_of_saints_power_conflict_and_dissent_in_e_4c1e5e81_cps_sentences_ready_v1.jsonl"
"C0448"	"F02.jsonl"	"CPS_JSONL"	"C:\OCRWork\WORKROOTS\an_age_of_saints_power_conflict_and_dissent_in_e_4c1e5e81\derived\an_age_of_saints_power_conflict_and_dissent_in_e_4c1e5e81_cps_sentences_v1.jsonl"
"C0449"	"F01.jsonl"	"READY_CPS_JSONL"	"C:\OCRWork\WORKROOTS\an_anglo_saxon_dictionary_supplement_bosworth_jo_dfe6b386\derived\an_anglo_saxon_dictionary_supplement_bosworth_jo_dfe6b386_cps_sentences_ready_v1.jsonl"
"C0449"	"F02.jsonl"	"CPS_JSONL"	"C:\OCRWork\WORKROOTS\an_anglo_saxon_dictionary_supplement_bosworth_jo_dfe6b386\derived\an_anglo_saxon_dictionary_supplement_bosworth_jo_dfe6b386_cps_sentences_v1.jsonl"
"C0450"	"F01.jsonl"	"READY_CPS_JSONL"	"C:\OCRWork\WORKROOTS\an_egyptian_hieroglyphic_dictionary_with_an_inde_a9994688\derived\an_egyptian_hieroglyphic_dictionary_with_an_inde_a9994688_cps_sentences_ready_v1.jsonl"
"C0450"	"F02.jsonl"	"CPS_JSONL"	"C:\OCRWork\WORKROOTS\an_egyptian_hieroglyphic_dictionary_with_an_inde_a9994688\derived\an_egyptian_hieroglyphic_dictionary_with_an_inde_a9994688_cps_sentences_v1.jsonl"
"C0451"	"F01.jsonl"	"READY_CPS_JSONL"	"C:\OCRWork\WORKROOTS\an_encyclopaedic_dictionary_of_medieval_indian_h_b817709f\derived\an_encyclopaedic_dictionary_of_medieval_indian_h_b817709f_cps_sentences_ready_v1.jsonl"
"C0451"	"F02.jsonl"	"CPS_JSONL"	"C:\OCRWork\WORKROOTS\an_encyclopaedic_dictionary_of_medieval_indian_h_b817709f\derived\an_encyclopaedic_dictionary_of_medieval_indian_h_b817709f_cps_sentences_v1.jsonl"
"C0452"	"F01.jsonl"	"READY_CPS_JSONL"	"C:\OCRWork\WORKROOTS\an_illustrated_dictionary_of_optoelectronics_and_d94dd94e\derived\an_illustrated_dictionary_of_optoelectronics_and_d94dd94e_cps_sentences_ready_v1.jsonl"
"C0452"	"F02.jsonl"	"CPS_JSONL"	"C:\OCRWork\WORKROOTS\an_illustrated_dictionary_of_optoelectronics_and_d94dd94e\derived\an_illustrated_dictionary_of_optoelectronics_and_d94dd94e_cps_sentences_v1.jsonl"
"C0453"	"F01.jsonl"	"READY_CPS_JSONL"	"C:\OCRWork\WORKROOTS\aristotle_politics_translation_introduction_and_51227262\derived\aristotle_politics_translation_introduction_and_51227262_cps_sentences_ready_v1.jsonl"
"C0453"	"F02.jsonl"	"CPS_JSONL"	"C:\OCRWork\WORKROOTS\aristotle_politics_translation_introduction_and_51227262\derived\aristotle_politics_translation_introduction_and_51227262_cps_sentences_v1.jsonl"
"C0454"	"F01.jsonl"	"READY_CPS_JSONL"	"C:\OCRWork\WORKROOTS\as_i_lay_there_drowning_david_irving_90307cb2edf_451af187\derived\as_i_lay_there_drowning_david_irving_90307cb2edf_451af187_cps_sentences_ready_v1.jsonl"
"C0454"	"F02.jsonl"	"CPS_JSONL"	"C:\OCRWork\WORKROOTS\as_i_lay_there_drowning_david_irving_90307cb2edf_451af187\derived\as_i_lay_there_drowning_david_irving_90307cb2edf_451af187_cps_sentences_v1.jsonl"
"C0455"	"F01.jsonl"	"READY_CPS_JSONL"	"C:\OCRWork\WORKROOTS\aspects_of_the_analysis_of_family_structure_1003_ad6cee5d\derived\aspects_of_the_analysis_of_family_structure_1003_ad6cee5d_cps_sentences_ready_v1.jsonl"
"C0455"	"F02.jsonl"	"CPS_JSONL"	"C:\OCRWork\WORKROOTS\aspects_of_the_analysis_of_family_structure_1003_ad6cee5d\derived\aspects_of_the_analysis_of_family_structure_1003_ad6cee5d_cps_sentences_v1.jsonl"
"C0456"	"F01.jsonl"	"READY_CPS_JSONL"	"C:\OCRWork\WORKROOTS\asperger_dictionary_of_everyday_expressions_ian_23512f31\derived\asperger_dictionary_of_everyday_expressions_ian_23512f31_cps_sentences_ready_v1.jsonl"
"C0456"	"F02.jsonl"	"CPS_JSONL"	"C:\OCRWork\WORKROOTS\asperger_dictionary_of_everyday_expressions_ian_23512f31\derived\asperger_dictionary_of_everyday_expressions_ian_23512f31_cps_sentences_v1.jsonl"
"C0457"	"F01.jsonl"	"READY_CPS_JSONL"	"C:\OCRWork\WORKROOTS\astronomically_speaking_a_dictionary_of_quotatio_0587e93c\derived\astronomically_speaking_a_dictionary_of_quotatio_0587e93c_cps_sentences_ready_v1.jsonl"
"C0457"	"F02.jsonl"	"CPS_JSONL"	"C:\OCRWork\WORKROOTS\astronomically_speaking_a_dictionary_of_quotatio_0587e93c\derived\astronomically_speaking_a_dictionary_of_quotatio_0587e93c_cps_sentences_v1.jsonl"
"C0458"	"F01.jsonl"	"READY_CPS_JSONL"	"C:\OCRWork\WORKROOTS\banged_up_survival_as_a_political_prisoner_in_21_d2dd59e3\derived\banged_up_survival_as_a_political_prisoner_in_21_d2dd59e3_cps_sentences_ready_v1.jsonl"
"C0458"	"F02.jsonl"	"CPS_JSONL"	"C:\OCRWork\WORKROOTS\banged_up_survival_as_a_political_prisoner_in_21_d2dd59e3\derived\banged_up_survival_as_a_political_prisoner_in_21_d2dd59e3_cps_sentences_v1.jsonl"
"C0459"	"F01.jsonl"	"READY_CPS_JSONL"	"C:\OCRWork\WORKROOTS\barren_metal_a_history_of_capitalism_as_the_conf_f55ffc7b\derived\barren_metal_a_history_of_capitalism_as_the_conf_f55ffc7b_cps_sentences_ready_v1.jsonl"
"C0459"	"F02.jsonl"	"CPS_JSONL"	"C:\OCRWork\WORKROOTS\barren_metal_a_history_of_capitalism_as_the_conf_f55ffc7b\derived\barren_metal_a_history_of_capitalism_as_the_conf_f55ffc7b_cps_sentences_v1.jsonl"
"C0460"	"F01.jsonl"	"READY_CPS_JSONL"	"C:\OCRWork\WORKROOTS\baruya_english_dictionary_da_silva_francisco_jos_fb775b94\derived\baruya_english_dictionary_da_silva_francisco_jos_fb775b94_cps_sentences_ready_v1.jsonl"
"C0460"	"F02.jsonl"	"CPS_JSONL"	"C:\OCRWork\WORKROOTS\baruya_english_dictionary_da_silva_francisco_jos_fb775b94\derived\baruya_english_dictionary_da_silva_francisco_jos_fb775b94_cps_sentences_v1.jsonl"
"C0461"	"F01.jsonl"	"READY_CPS_JSONL"	"C:\OCRWork\WORKROOTS\bible_encyclopaedia_fallows\derived\bible_encyclopaedia_fallows_cps_sentences_ready_v1.jsonl"
"C0461"	"F02.jsonl"	"CPS_JSONL"	"C:\OCRWork\WORKROOTS\bible_encyclopaedia_fallows\derived\bible_encyclopaedia_fallows_cps_sentences_v1.jsonl"
"C0462"	"F01.jsonl"	"READY_CPS_JSONL"	"C:\OCRWork\WORKROOTS\biblical_and_theological_dictionary_watson_richa_2821e948\derived\biblical_and_theological_dictionary_watson_richa_2821e948_cps_sentences_ready_v1.jsonl"
"C0462"	"F02.jsonl"	"CPS_JSONL"	"C:\OCRWork\WORKROOTS\biblical_and_theological_dictionary_watson_richa_2821e948\derived\biblical_and_theological_dictionary_watson_richa_2821e948_cps_sentences_v1.jsonl"
"C0463"	"F01.jsonl"	"READY_CPS_JSONL"	"C:\OCRWork\WORKROOTS\bibliotheca_americana_a_dictionary_of_books_rela_e78b9f2c\derived\bibliotheca_americana_a_dictionary_of_books_rela_e78b9f2c_cps_sentences_ready_v1.jsonl"
"C0463"	"F02.jsonl"	"CPS_JSONL"	"C:\OCRWork\WORKROOTS\bibliotheca_americana_a_dictionary_of_books_rela_e78b9f2c\derived\bibliotheca_americana_a_dictionary_of_books_rela_e78b9f2c_cps_sentences_v1.jsonl"
"C0464"	"F01.jsonl"	"READY_CPS_JSONL"	"C:\OCRWork\WORKROOTS\birth_of_the_constitution_jn_lindop_edmund_hills_d9d690df\derived\birth_of_the_constitution_jn_lindop_edmund_hills_d9d690df_cps_sentences_ready_v1.jsonl"
"C0464"	"F02.jsonl"	"CPS_JSONL"	"C:\OCRWork\WORKROOTS\birth_of_the_constitution_jn_lindop_edmund_hills_d9d690df\derived\birth_of_the_constitution_jn_lindop_edmund_hills_d9d690df_cps_sentences_v1.jsonl"
"C0465"	"F01.jsonl"	"READY_CPS_JSONL"	"C:\OCRWork\WORKROOTS\black_s_law_dictionary_6th_edition_henry_campbel_54e9ffd3\derived\black_s_law_dictionary_6th_edition_henry_campbel_54e9ffd3_cps_sentences_ready_v1.jsonl"
"C0465"	"F02.jsonl"	"CPS_JSONL"	"C:\OCRWork\WORKROOTS\black_s_law_dictionary_6th_edition_henry_campbel_54e9ffd3\derived\black_s_law_dictionary_6th_edition_henry_campbel_54e9ffd3_cps_sentences_v1.jsonl"
"C0466"	"F01.jsonl"	"READY_CPS_JSONL"	"C:\OCRWork\WORKROOTS\black_s_law_dictionary_definitions_revised_fourt_1e236389\derived\black_s_law_dictionary_definitions_revised_fourt_1e236389_cps_sentences_ready_v1.jsonl"
"C0466"	"F02.jsonl"	"CPS_JSONL"	"C:\OCRWork\WORKROOTS\black_s_law_dictionary_definitions_revised_fourt_1e236389\derived\black_s_law_dictionary_definitions_revised_fourt_1e236389_cps_sentences_v1.jsonl"
"C0467"	"F01.jsonl"	"READY_CPS_JSONL"	"C:\OCRWork\WORKROOTS\blakiston_s_new_gould_medical_dictionary_a_moder_c62488aa\derived\blakiston_s_new_gould_medical_dictionary_a_moder_c62488aa_cps_sentences_ready_v1.jsonl"
"C0467"	"F02.jsonl"	"CPS_JSONL"	"C:\OCRWork\WORKROOTS\blakiston_s_new_gould_medical_dictionary_a_moder_c62488aa\derived\blakiston_s_new_gould_medical_dictionary_a_moder_c62488aa_cps_sentences_v1.jsonl"
"C0468"	"F01.jsonl"	"READY_CPS_JSONL"	"C:\OCRWork\WORKROOTS\blakiston_s_new_gould_medical_dictionary_a_moder_e353a1bb\derived\blakiston_s_new_gould_medical_dictionary_a_moder_e353a1bb_cps_sentences_ready_v1.jsonl"
"C0468"	"F02.jsonl"	"CPS_JSONL"	"C:\OCRWork\WORKROOTS\blakiston_s_new_gould_medical_dictionary_a_moder_e353a1bb\derived\blakiston_s_new_gould_medical_dictionary_a_moder_e353a1bb_cps_sentences_v1.jsonl"
"C0469"	"F01.jsonl"	"READY_CPS_JSONL"	"C:\OCRWork\WORKROOTS\bma_illustrated_medical_dictionary_essential_a_z_5109dc1f\derived\bma_illustrated_medical_dictionary_essential_a_z_5109dc1f_cps_sentences_ready_v1.jsonl"
"C0469"	"F02.jsonl"	"CPS_JSONL"	"C:\OCRWork\WORKROOTS\bma_illustrated_medical_dictionary_essential_a_z_5109dc1f\derived\bma_illustrated_medical_dictionary_essential_a_z_5109dc1f_cps_sentences_v1.jsonl"
"C0470"	"F01.jsonl"	"READY_CPS_JSONL"	"C:\OCRWork\WORKROOTS\book_lccn_70144113_unknown_new_ed_of_the_concise_2f28f1e7\derived\book_lccn_70144113_unknown_new_ed_of_the_concise_2f28f1e7_cps_sentences_ready_v1.jsonl"
"C0470"	"F02.jsonl"	"CPS_JSONL"	"C:\OCRWork\WORKROOTS\book_lccn_70144113_unknown_new_ed_of_the_concise_2f28f1e7\derived\book_lccn_70144113_unknown_new_ed_of_the_concise_2f28f1e7_cps_sentences_v1.jsonl"
"C0471"	"F01.jsonl"	"READY_CPS_JSONL"	"C:\OCRWork\WORKROOTS\books_that_matter_the_federalist_papers_joseph_l_2028948a\derived\books_that_matter_the_federalist_papers_joseph_l_2028948a_cps_sentences_ready_v1.jsonl"
"C0471"	"F02.jsonl"	"CPS_JSONL"	"C:\OCRWork\WORKROOTS\books_that_matter_the_federalist_papers_joseph_l_2028948a\derived\books_that_matter_the_federalist_papers_joseph_l_2028948a_cps_sentences_v1.jsonl"
"C0472"	"F01.jsonl"	"READY_CPS_JSONL"	"C:\OCRWork\WORKROOTS\brewer_s_dictionary_of_phrase_fable_cobham_brewe_90ca0761\derived\brewer_s_dictionary_of_phrase_fable_cobham_brewe_90ca0761_cps_sentences_ready_v1.jsonl"
"C0472"	"F02.jsonl"	"CPS_JSONL"	"C:\OCRWork\WORKROOTS\brewer_s_dictionary_of_phrase_fable_cobham_brewe_90ca0761\derived\brewer_s_dictionary_of_phrase_fable_cobham_brewe_90ca0761_cps_sentences_v1.jsonl"
"C0473"	"F01.jsonl"	"READY_CPS_JSONL"	"C:\OCRWork\WORKROOTS\buddhist_dictionary_mahal_of_buddhist_terms_and_42e4cf25\derived\buddhist_dictionary_mahal_of_buddhist_terms_and_42e4cf25_cps_sentences_ready_v1.jsonl"
"C0473"	"F02.jsonl"	"CPS_JSONL"	"C:\OCRWork\WORKROOTS\buddhist_dictionary_mahal_of_buddhist_terms_and_42e4cf25\derived\buddhist_dictionary_mahal_of_buddhist_terms_and_42e4cf25_cps_sentences_v1.jsonl"
"C0474"	"F01.jsonl"	"READY_CPS_JSONL"	"C:\OCRWork\WORKROOTS\cambridge_dictionary_of_scientists_2nd_ed_2002_d_a340746e\derived\cambridge_dictionary_of_scientists_2nd_ed_2002_d_a340746e_cps_sentences_ready_v1.jsonl"
"C0474"	"F02.jsonl"	"CPS_JSONL"	"C:\OCRWork\WORKROOTS\cambridge_dictionary_of_scientists_2nd_ed_2002_d_a340746e\derived\cambridge_dictionary_of_scientists_2nd_ed_2002_d_a340746e_cps_sentences_v1.jsonl"
"C0475"	"F01.jsonl"	"READY_CPS_JSONL"	"C:\OCRWork\WORKROOTS\cassell_s_dictionary_of_classical_mythology_cass_88446969\derived\cassell_s_dictionary_of_classical_mythology_cass_88446969_cps_sentences_ready_v1.jsonl"
"C0475"	"F02.jsonl"	"CPS_JSONL"	"C:\OCRWork\WORKROOTS\cassell_s_dictionary_of_classical_mythology_cass_88446969\derived\cassell_s_dictionary_of_classical_mythology_cass_88446969_cps_sentences_v1.jsonl"
"C0476"	"F01.jsonl"	"READY_CPS_JSONL"	"C:\OCRWork\WORKROOTS\churchill_s_war_the_struggle_for_power_vol_1_dav_4f30f073\derived\churchill_s_war_the_struggle_for_power_vol_1_dav_4f30f073_cps_sentences_ready_v1.jsonl"
"C0476"	"F02.jsonl"	"CPS_JSONL"	"C:\OCRWork\WORKROOTS\churchill_s_war_the_struggle_for_power_vol_1_dav_4f30f073\derived\churchill_s_war_the_struggle_for_power_vol_1_dav_4f30f073_cps_sentences_v1.jsonl"
"C0477"	"F01.jsonl"	"READY_CPS_JSONL"	"C:\OCRWork\WORKROOTS\churchill_s_war_triumph_in_adversity_2_david_joh_2225f017\derived\churchill_s_war_triumph_in_adversity_2_david_joh_2225f017_cps_sentences_ready_v1.jsonl"
"C0477"	"F02.jsonl"	"CPS_JSONL"	"C:\OCRWork\WORKROOTS\churchill_s_war_triumph_in_adversity_2_david_joh_2225f017\derived\churchill_s_war_triumph_in_adversity_2_david_joh_2225f017_cps_sentences_v1.jsonl"
"C0478"	"F01.jsonl"	"READY_CPS_JSONL"	"C:\OCRWork\WORKROOTS\civil_engineering_pocket_dictionary_mit_academy_671b3157\derived\civil_engineering_pocket_dictionary_mit_academy_671b3157_cps_sentences_ready_v1.jsonl"
"C0478"	"F02.jsonl"	"CPS_JSONL"	"C:\OCRWork\WORKROOTS\civil_engineering_pocket_dictionary_mit_academy_671b3157\derived\civil_engineering_pocket_dictionary_mit_academy_671b3157_cps_sentences_v1.jsonl"
"C0479"	"F01.jsonl"	"READY_CPS_JSONL"	"C:\OCRWork\WORKROOTS\collins_dictionary_of_statistics_roger_porkess_2_db079c58\derived\collins_dictionary_of_statistics_roger_porkess_2_db079c58_cps_sentences_ready_v1.jsonl"
"C0479"	"F02.jsonl"	"CPS_JSONL"	"C:\OCRWork\WORKROOTS\collins_dictionary_of_statistics_roger_porkess_2_db079c58\derived\collins_dictionary_of_statistics_roger_porkess_2_db079c58_cps_sentences_v1.jsonl"
"C0480"	"F01.jsonl"	"READY_CPS_JSONL"	"C:\OCRWork\WORKROOTS\common_sense_pennsylvania_german_dictionary_with_fd769847\derived\common_sense_pennsylvania_german_dictionary_with_fd769847_cps_sentences_ready_v1.jsonl"
"C0480"	"F02.jsonl"	"CPS_JSONL"	"C:\OCRWork\WORKROOTS\common_sense_pennsylvania_german_dictionary_with_fd769847\derived\common_sense_pennsylvania_german_dictionary_with_fd769847_cps_sentences_v1.jsonl"
"C0481"	"F01.jsonl"	"READY_CPS_JSONL"	"C:\OCRWork\WORKROOTS\complete_easy_dictionary_of_the_quran_shaikh_abd_b6913865\derived\complete_easy_dictionary_of_the_quran_shaikh_abd_b6913865_cps_sentences_ready_v1.jsonl"
"C0481"	"F02.jsonl"	"CPS_JSONL"	"C:\OCRWork\WORKROOTS\complete_easy_dictionary_of_the_quran_shaikh_abd_b6913865\derived\complete_easy_dictionary_of_the_quran_shaikh_abd_b6913865_cps_sentences_v1.jsonl"
"C0482"	"F01.jsonl"	"READY_CPS_JSONL"	"C:\OCRWork\WORKROOTS\crescent_dictionary_of_american_politics_mccarth_9e8037ae\derived\crescent_dictionary_of_american_politics_mccarth_9e8037ae_cps_sentences_ready_v1.jsonl"
"C0482"	"F02.jsonl"	"CPS_JSONL"	"C:\OCRWork\WORKROOTS\crescent_dictionary_of_american_politics_mccarth_9e8037ae\derived\crescent_dictionary_of_american_politics_mccarth_9e8037ae_cps_sentences_v1.jsonl"
"C0483"	"F01.jsonl"	"READY_CPS_JSONL"	"C:\OCRWork\WORKROOTS\culture_wars_magazine_vol_36_no_6_may_2017_e_mic_3d88fe53\derived\culture_wars_magazine_vol_36_no_6_may_2017_e_mic_3d88fe53_cps_sentences_ready_v1.jsonl"
"C0483"	"F02.jsonl"	"CPS_JSONL"	"C:\OCRWork\WORKROOTS\culture_wars_magazine_vol_36_no_6_may_2017_e_mic_3d88fe53\derived\culture_wars_magazine_vol_36_no_6_may_2017_e_mic_3d88fe53_cps_sentences_v1.jsonl"
"C0484"	"F01.jsonl"	"READY_CPS_JSONL"	"C:\OCRWork\WORKROOTS\culture_wars_magazine_vol_38_no_5_april_2019_e_m_6ca7396e\derived\culture_wars_magazine_vol_38_no_5_april_2019_e_m_6ca7396e_cps_sentences_ready_v1.jsonl"
"C0484"	"F02.jsonl"	"CPS_JSONL"	"C:\OCRWork\WORKROOTS\culture_wars_magazine_vol_38_no_5_april_2019_e_m_6ca7396e\derived\culture_wars_magazine_vol_38_no_5_april_2019_e_m_6ca7396e_cps_sentences_v1.jsonl"
"C0485"	"F01.jsonl"	"READY_CPS_JSONL"	"C:\OCRWork\WORKROOTS\culture_wars_magazine_vol_38_no_8_july_aug_2019_f6b19d23\derived\culture_wars_magazine_vol_38_no_8_july_aug_2019_f6b19d23_cps_sentences_ready_v1.jsonl"
"C0485"	"F02.jsonl"	"CPS_JSONL"	"C:\OCRWork\WORKROOTS\culture_wars_magazine_vol_38_no_8_july_aug_2019_f6b19d23\derived\culture_wars_magazine_vol_38_no_8_july_aug_2019_f6b19d23_cps_sentences_v1.jsonl"
"C0486"	"F01.jsonl"	"READY_CPS_JSONL"	"C:\OCRWork\WORKROOTS\culture_wars_magazine_vol_39_no_1_dec_2019_e_mic_943f5d3f\derived\culture_wars_magazine_vol_39_no_1_dec_2019_e_mic_943f5d3f_cps_sentences_ready_v1.jsonl"
"C0486"	"F02.jsonl"	"CPS_JSONL"	"C:\OCRWork\WORKROOTS\culture_wars_magazine_vol_39_no_1_dec_2019_e_mic_943f5d3f\derived\culture_wars_magazine_vol_39_no_1_dec_2019_e_mic_943f5d3f_cps_sentences_v1.jsonl"
"C0487"	"F01.jsonl"	"READY_CPS_JSONL"	"C:\OCRWork\WORKROOTS\culture_wars_volume_38_issue_11_e_michael_jones_b98c86cd\derived\culture_wars_volume_38_issue_11_e_michael_jones_b98c86cd_cps_sentences_ready_v1.jsonl"
"C0487"	"F02.jsonl"	"CPS_JSONL"	"C:\OCRWork\WORKROOTS\culture_wars_volume_38_issue_11_e_michael_jones_b98c86cd\derived\culture_wars_volume_38_issue_11_e_michael_jones_b98c86cd_cps_sentences_v1.jsonl"
"C0488"	"F01.jsonl"	"READY_CPS_JSONL"	"C:\OCRWork\WORKROOTS\declaration_of_independence_a_study_in_the_histo_a4318597\derived\declaration_of_independence_a_study_in_the_histo_a4318597_cps_sentences_ready_v1.jsonl"
"C0488"	"F02.jsonl"	"CPS_JSONL"	"C:\OCRWork\WORKROOTS\declaration_of_independence_a_study_in_the_histo_a4318597\derived\declaration_of_independence_a_study_in_the_histo_a4318597_cps_sentences_v1.jsonl"
"C0489"	"F01.jsonl"	"READY_CPS_JSONL"	"C:\OCRWork\WORKROOTS\declaration_of_independence_constitution_of_the_0ea63948\derived\declaration_of_independence_constitution_of_the_0ea63948_cps_sentences_ready_v1.jsonl"
"C0489"	"F02.jsonl"	"CPS_JSONL"	"C:\OCRWork\WORKROOTS\declaration_of_independence_constitution_of_the_0ea63948\derived\declaration_of_independence_constitution_of_the_0ea63948_cps_sentences_v1.jsonl"
"C0490"	"F01.jsonl"	"READY_CPS_JSONL"	"C:\OCRWork\WORKROOTS\declaration_of_independence_constitution_of_the_0efeb0ee\derived\declaration_of_independence_constitution_of_the_0efeb0ee_cps_sentences_ready_v1.jsonl"
"C0490"	"F02.jsonl"	"CPS_JSONL"	"C:\OCRWork\WORKROOTS\declaration_of_independence_constitution_of_the_0efeb0ee\derived\declaration_of_independence_constitution_of_the_0efeb0ee_cps_sentences_v1.jsonl"
"C0491"	"F01.jsonl"	"READY_CPS_JSONL"	"C:\OCRWork\WORKROOTS\declinewest20002oswa_83172d48\derived\declinewest20002oswa_83172d48_cps_sentences_ready_v1.jsonl"
"C0491"	"F02.jsonl"	"CPS_JSONL"	"C:\OCRWork\WORKROOTS\declinewest20002oswa_83172d48\derived\declinewest20002oswa_83172d48_cps_sentences_v1.jsonl"
"C0492"	"F01.jsonl"	"READY_CPS_JSONL"	"C:\OCRWork\WORKROOTS\degenerate_moderns_modernity_as_rationalized_sex_970e009e\derived\degenerate_moderns_modernity_as_rationalized_sex_970e009e_cps_sentences_ready_v1.jsonl"
"C0492"	"F02.jsonl"	"CPS_JSONL"	"C:\OCRWork\WORKROOTS\degenerate_moderns_modernity_as_rationalized_sex_970e009e\derived\degenerate_moderns_modernity_as_rationalized_sex_970e009e_cps_sentences_v1.jsonl"
"C0493"	"F01.jsonl"	"READY_CPS_JSONL"	"C:\OCRWork\WORKROOTS\depuy_peoples_cyclopedia_1900\derived\depuy_peoples_cyclopedia_1900_cps_sentences_ready_v1.jsonl"
"C0493"	"F02.jsonl"	"CPS_JSONL"	"C:\OCRWork\WORKROOTS\depuy_peoples_cyclopedia_1900\derived\depuy_peoples_cyclopedia_1900_cps_sentences_v1.jsonl"
"C0494"	"F01.jsonl"	"READY_CPS_JSONL"	"C:\OCRWork\WORKROOTS\dictionary_and_manual_of_pyrotechny_covering_the_8ae4024f\derived\dictionary_and_manual_of_pyrotechny_covering_the_8ae4024f_cps_sentences_ready_v1.jsonl"
"C0494"	"F02.jsonl"	"CPS_JSONL"	"C:\OCRWork\WORKROOTS\dictionary_and_manual_of_pyrotechny_covering_the_8ae4024f\derived\dictionary_and_manual_of_pyrotechny_covering_the_8ae4024f_cps_sentences_v1.jsonl"
"C0495"	"F01.jsonl"	"READY_CPS_JSONL"	"C:\OCRWork\WORKROOTS\dictionary_of_acronyms_in_healthcare_meaningful_557c8355\derived\dictionary_of_acronyms_in_healthcare_meaningful_557c8355_cps_sentences_ready_v1.jsonl"
"C0495"	"F02.jsonl"	"CPS_JSONL"	"C:\OCRWork\WORKROOTS\dictionary_of_acronyms_in_healthcare_meaningful_557c8355\derived\dictionary_of_acronyms_in_healthcare_meaningful_557c8355_cps_sentences_v1.jsonl"
"C0496"	"F01.jsonl"	"READY_CPS_JSONL"	"C:\OCRWork\WORKROOTS\dictionary_of_advertising_gagan_raj_2013_2021_an_8e0ac738\derived\dictionary_of_advertising_gagan_raj_2013_2021_an_8e0ac738_cps_sentences_ready_v1.jsonl"
"C0496"	"F02.jsonl"	"CPS_JSONL"	"C:\OCRWork\WORKROOTS\dictionary_of_advertising_gagan_raj_2013_2021_an_8e0ac738\derived\dictionary_of_advertising_gagan_raj_2013_2021_an_8e0ac738_cps_sentences_v1.jsonl"
"C0497"	"F01.jsonl"	"READY_CPS_JSONL"	"C:\OCRWork\WORKROOTS\dictionary_of_american_history_vol_1_coleman_roy_1c70dea6\derived\dictionary_of_american_history_vol_1_coleman_roy_1c70dea6_cps_sentences_ready_v1.jsonl"
"C0497"	"F02.jsonl"	"CPS_JSONL"	"C:\OCRWork\WORKROOTS\dictionary_of_american_history_vol_1_coleman_roy_1c70dea6\derived\dictionary_of_american_history_vol_1_coleman_roy_1c70dea6_cps_sentences_v1.jsonl"
"C0498"	"F01.jsonl"	"READY_CPS_JSONL"	"C:\OCRWork\WORKROOTS\dictionary_of_american_naval_fighting_ships_moon_9c2431ce\derived\dictionary_of_american_naval_fighting_ships_moon_9c2431ce_cps_sentences_ready_v1.jsonl"
"C0498"	"F02.jsonl"	"CPS_JSONL"	"C:\OCRWork\WORKROOTS\dictionary_of_american_naval_fighting_ships_moon_9c2431ce\derived\dictionary_of_american_naval_fighting_ships_moon_9c2431ce_cps_sentences_v1.jsonl"
"C0499"	"F01.jsonl"	"READY_CPS_JSONL"	"C:\OCRWork\WORKROOTS\dictionary_of_argumentation_an_introduction_to_c_9f33c6d0\derived\dictionary_of_argumentation_an_introduction_to_c_9f33c6d0_cps_sentences_ready_v1.jsonl"
"C0499"	"F02.jsonl"	"CPS_JSONL"	"C:\OCRWork\WORKROOTS\dictionary_of_argumentation_an_introduction_to_c_9f33c6d0\derived\dictionary_of_argumentation_an_introduction_to_c_9f33c6d0_cps_sentences_v1.jsonl"
"C0500"	"F01.jsonl"	"READY_CPS_JSONL"	"C:\OCRWork\WORKROOTS\dictionary_of_biology_dinesh_b_dhawane_1st_2009_08588635\derived\dictionary_of_biology_dinesh_b_dhawane_1st_2009_08588635_cps_sentences_ready_v1.jsonl"
"C0500"	"F02.jsonl"	"CPS_JSONL"	"C:\OCRWork\WORKROOTS\dictionary_of_biology_dinesh_b_dhawane_1st_2009_08588635\derived\dictionary_of_biology_dinesh_b_dhawane_1st_2009_08588635_cps_sentences_v1.jsonl"
"C0501"	"F01.jsonl"	"READY_CPS_JSONL"	"C:\OCRWork\WORKROOTS\dictionary_of_celtic_mythology_ellis_p_1992_abc_1964f7e4\derived\dictionary_of_celtic_mythology_ellis_p_1992_abc_1964f7e4_cps_sentences_ready_v1.jsonl"
"C0501"	"F02.jsonl"	"CPS_JSONL"	"C:\OCRWork\WORKROOTS\dictionary_of_celtic_mythology_ellis_p_1992_abc_1964f7e4\derived\dictionary_of_celtic_mythology_ellis_p_1992_abc_1964f7e4_cps_sentences_v1.jsonl"
"C0502"	"F01.jsonl"	"READY_CPS_JSONL"	"C:\OCRWork\WORKROOTS\dictionary_of_difficult_words_manik_joshi_f42568_ebb22e39\derived\dictionary_of_difficult_words_manik_joshi_f42568_ebb22e39_cps_sentences_ready_v1.jsonl"
"C0502"	"F02.jsonl"	"CPS_JSONL"	"C:\OCRWork\WORKROOTS\dictionary_of_difficult_words_manik_joshi_f42568_ebb22e39\derived\dictionary_of_difficult_words_manik_joshi_f42568_ebb22e39_cps_sentences_v1.jsonl"
"C0503"	"F01.jsonl"	"READY_CPS_JSONL"	"C:\OCRWork\WORKROOTS\dictionary_of_disasters_at_sea_during_the_age_of_3e10a7b1\derived\dictionary_of_disasters_at_sea_during_the_age_of_3e10a7b1_cps_sentences_ready_v1.jsonl"
"C0503"	"F02.jsonl"	"CPS_JSONL"	"C:\OCRWork\WORKROOTS\dictionary_of_disasters_at_sea_during_the_age_of_3e10a7b1\derived\dictionary_of_disasters_at_sea_during_the_age_of_3e10a7b1_cps_sentences_v1.jsonl"
"C0504"	"F01.jsonl"	"READY_CPS_JSONL"	"C:\OCRWork\WORKROOTS\dictionary_of_dogmatic_theology_pietro_parente_a_68285523\derived\dictionary_of_dogmatic_theology_pietro_parente_a_68285523_cps_sentences_ready_v1.jsonl"
"C0504"	"F02.jsonl"	"CPS_JSONL"	"C:\OCRWork\WORKROOTS\dictionary_of_dogmatic_theology_pietro_parente_a_68285523\derived\dictionary_of_dogmatic_theology_pietro_parente_a_68285523_cps_sentences_v1.jsonl"
"C0505"	"F01.jsonl"	"READY_CPS_JSONL"	"C:\OCRWork\WORKROOTS\dictionary_of_e_commerce_m_c_maidan_1st_2001_202_25d9af97\derived\dictionary_of_e_commerce_m_c_maidan_1st_2001_202_25d9af97_cps_sentences_ready_v1.jsonl"
"C0505"	"F02.jsonl"	"CPS_JSONL"	"C:\OCRWork\WORKROOTS\dictionary_of_e_commerce_m_c_maidan_1st_2001_202_25d9af97\derived\dictionary_of_e_commerce_m_c_maidan_1st_2001_202_25d9af97_cps_sentences_v1.jsonl"
"C0506"	"F01.jsonl"	"READY_CPS_JSONL"	"C:\OCRWork\WORKROOTS\dictionary_of_financial_and_business_terms_pscri_74a0ad7c\derived\dictionary_of_financial_and_business_terms_pscri_74a0ad7c_cps_sentences_ready_v1.jsonl"
"C0506"	"F02.jsonl"	"CPS_JSONL"	"C:\OCRWork\WORKROOTS\dictionary_of_financial_and_business_terms_pscri_74a0ad7c\derived\dictionary_of_financial_and_business_terms_pscri_74a0ad7c_cps_sentences_v1.jsonl"
"C0507"	"F01.jsonl"	"READY_CPS_JSONL"	"C:\OCRWork\WORKROOTS\dictionary_of_financial_and_business_terms_rober_b7906e11\derived\dictionary_of_financial_and_business_terms_rober_b7906e11_cps_sentences_ready_v1.jsonl"
"C0507"	"F02.jsonl"	"CPS_JSONL"	"C:\OCRWork\WORKROOTS\dictionary_of_financial_and_business_terms_rober_b7906e11\derived\dictionary_of_financial_and_business_terms_rober_b7906e11_cps_sentences_v1.jsonl"
"C0508"	"F01.jsonl"	"READY_CPS_JSONL"	"C:\OCRWork\WORKROOTS\dictionary_of_financial_terms_virginia_b_morris_1cbe6755\derived\dictionary_of_financial_terms_virginia_b_morris_1cbe6755_cps_sentences_ready_v1.jsonl"
"C0508"	"F02.jsonl"	"CPS_JSONL"	"C:\OCRWork\WORKROOTS\dictionary_of_financial_terms_virginia_b_morris_1cbe6755\derived\dictionary_of_financial_terms_virginia_b_morris_1cbe6755_cps_sentences_v1.jsonl"
"C0509"	"F01.jsonl"	"READY_CPS_JSONL"	"C:\OCRWork\WORKROOTS\dictionary_of_geological_terms_exclusive_of_stra_c2ab4e0b\derived\dictionary_of_geological_terms_exclusive_of_stra_c2ab4e0b_cps_sentences_ready_v1.jsonl"
"C0509"	"F02.jsonl"	"CPS_JSONL"	"C:\OCRWork\WORKROOTS\dictionary_of_geological_terms_exclusive_of_stra_c2ab4e0b\derived\dictionary_of_geological_terms_exclusive_of_stra_c2ab4e0b_cps_sentences_v1.jsonl"
"C0510"	"F01.jsonl"	"READY_CPS_JSONL"	"C:\OCRWork\WORKROOTS\dictionary_of_gods_and_goddesses_facts_on_file_l_b93ce061\derived\dictionary_of_gods_and_goddesses_facts_on_file_l_b93ce061_cps_sentences_ready_v1.jsonl"
"C0510"	"F02.jsonl"	"CPS_JSONL"	"C:\OCRWork\WORKROOTS\dictionary_of_gods_and_goddesses_facts_on_file_l_b93ce061\derived\dictionary_of_gods_and_goddesses_facts_on_file_l_b93ce061_cps_sentences_v1.jsonl"
"C0511"	"F01.jsonl"	"READY_CPS_JSONL"	"C:\OCRWork\WORKROOTS\dictionary_of_ideas_f3thinker_69710957dd2199a287_d8f2ba65\derived\dictionary_of_ideas_f3thinker_69710957dd2199a287_d8f2ba65_cps_sentences_ready_v1.jsonl"
"C0511"	"F02.jsonl"	"CPS_JSONL"	"C:\OCRWork\WORKROOTS\dictionary_of_ideas_f3thinker_69710957dd2199a287_d8f2ba65\derived\dictionary_of_ideas_f3thinker_69710957dd2199a287_d8f2ba65_cps_sentences_v1.jsonl"
"C0512"	"F01.jsonl"	"READY_CPS_JSONL"	"C:\OCRWork\WORKROOTS\dictionary_of_islamic_philosophical_terms_muhamm_f5bfe6ff\derived\dictionary_of_islamic_philosophical_terms_muhamm_f5bfe6ff_cps_sentences_ready_v1.jsonl"
"C0512"	"F02.jsonl"	"CPS_JSONL"	"C:\OCRWork\WORKROOTS\dictionary_of_islamic_philosophical_terms_muhamm_f5bfe6ff\derived\dictionary_of_islamic_philosophical_terms_muhamm_f5bfe6ff_cps_sentences_v1.jsonl"
"C0513"	"F01.jsonl"	"READY_CPS_JSONL"	"C:\OCRWork\WORKROOTS\dictionary_of_medical_and_health_acronyms_wynwoo_faa2ac15\derived\dictionary_of_medical_and_health_acronyms_wynwoo_faa2ac15_cps_sentences_ready_v1.jsonl"
"C0513"	"F02.jsonl"	"CPS_JSONL"	"C:\OCRWork\WORKROOTS\dictionary_of_medical_and_health_acronyms_wynwoo_faa2ac15\derived\dictionary_of_medical_and_health_acronyms_wynwoo_faa2ac15_cps_sentences_v1.jsonl"
"C0514"	"F01.jsonl"	"READY_CPS_JSONL"	"C:\OCRWork\WORKROOTS\dictionary_of_military_terms_richard_bowyer_3rd_c1ebcf33\derived\dictionary_of_military_terms_richard_bowyer_3rd_c1ebcf33_cps_sentences_ready_v1.jsonl"
"C0514"	"F02.jsonl"	"CPS_JSONL"	"C:\OCRWork\WORKROOTS\dictionary_of_military_terms_richard_bowyer_3rd_c1ebcf33\derived\dictionary_of_military_terms_richard_bowyer_3rd_c1ebcf33_cps_sentences_v1.jsonl"
"C0515"	"F01.jsonl"	"READY_CPS_JSONL"	"C:\OCRWork\WORKROOTS\dictionary_of_paul_and_his_letters_editors_geral_1e39f774\derived\dictionary_of_paul_and_his_letters_editors_geral_1e39f774_cps_sentences_ready_v1.jsonl"
"C0515"	"F02.jsonl"	"CPS_JSONL"	"C:\OCRWork\WORKROOTS\dictionary_of_paul_and_his_letters_editors_geral_1e39f774\derived\dictionary_of_paul_and_his_letters_editors_geral_1e39f774_cps_sentences_v1.jsonl"
"C0516"	"F01.jsonl"	"READY_CPS_JSONL"	"C:\OCRWork\WORKROOTS\dictionary_of_philosophy_and_religion_f3thinker_2af81004\derived\dictionary_of_philosophy_and_religion_f3thinker_2af81004_cps_sentences_ready_v1.jsonl"
"C0516"	"F02.jsonl"	"CPS_JSONL"	"C:\OCRWork\WORKROOTS\dictionary_of_philosophy_and_religion_f3thinker_2af81004\derived\dictionary_of_philosophy_and_religion_f3thinker_2af81004_cps_sentences_v1.jsonl"
"C0517"	"F01.jsonl"	"READY_CPS_JSONL"	"C:\OCRWork\WORKROOTS\dictionary_of_physics_chemistry_biology_mathemet_2383f76f\derived\dictionary_of_physics_chemistry_biology_mathemet_2383f76f_cps_sentences_ready_v1.jsonl"
"C0517"	"F02.jsonl"	"CPS_JSONL"	"C:\OCRWork\WORKROOTS\dictionary_of_physics_chemistry_biology_mathemet_2383f76f\derived\dictionary_of_physics_chemistry_biology_mathemet_2383f76f_cps_sentences_v1.jsonl"
"C0518"	"F01.jsonl"	"READY_CPS_JSONL"	"C:\OCRWork\WORKROOTS\dictionary_of_religion_and_philosophy_geddess_ma_18289f52\derived\dictionary_of_religion_and_philosophy_geddess_ma_18289f52_cps_sentences_ready_v1.jsonl"
"C0518"	"F02.jsonl"	"CPS_JSONL"	"C:\OCRWork\WORKROOTS\dictionary_of_religion_and_philosophy_geddess_ma_18289f52\derived\dictionary_of_religion_and_philosophy_geddess_ma_18289f52_cps_sentences_v1.jsonl"
"C0519"	"F01.jsonl"	"READY_CPS_JSONL"	"C:\OCRWork\WORKROOTS\dictionary_of_sects_heresies_ecclesiastical_part_1a28690d\derived\dictionary_of_sects_heresies_ecclesiastical_part_1a28690d_cps_sentences_ready_v1.jsonl"
"C0519"	"F02.jsonl"	"CPS_JSONL"	"C:\OCRWork\WORKROOTS\dictionary_of_sects_heresies_ecclesiastical_part_1a28690d\derived\dictionary_of_sects_heresies_ecclesiastical_part_1a28690d_cps_sentences_v1.jsonl"
"C0520"	"F01.jsonl"	"READY_CPS_JSONL"	"C:\OCRWork\WORKROOTS\dictionary_of_sects_heresies_ecclesiastical_part_6bfef921\derived\dictionary_of_sects_heresies_ecclesiastical_part_6bfef921_cps_sentences_ready_v1.jsonl"
"C0520"	"F02.jsonl"	"CPS_JSONL"	"C:\OCRWork\WORKROOTS\dictionary_of_sects_heresies_ecclesiastical_part_6bfef921\derived\dictionary_of_sects_heresies_ecclesiastical_part_6bfef921_cps_sentences_v1.jsonl"
"C0521"	"F01.jsonl"	"READY_CPS_JSONL"	"C:\OCRWork\WORKROOTS\dictionary_of_technical_terms_frederic_swing_cri_2de066be\derived\dictionary_of_technical_terms_frederic_swing_cri_2de066be_cps_sentences_ready_v1.jsonl"
"C0521"	"F02.jsonl"	"CPS_JSONL"	"C:\OCRWork\WORKROOTS\dictionary_of_technical_terms_frederic_swing_cri_2de066be\derived\dictionary_of_technical_terms_frederic_swing_cri_2de066be_cps_sentences_v1.jsonl"
"C0522"	"F01.jsonl"	"READY_CPS_JSONL"	"C:\OCRWork\WORKROOTS\dictionary_of_the_history_of_ideas_studies_of_se_1d88e481\derived\dictionary_of_the_history_of_ideas_studies_of_se_1d88e481_cps_sentences_ready_v1.jsonl"
"C0522"	"F02.jsonl"	"CPS_JSONL"	"C:\OCRWork\WORKROOTS\dictionary_of_the_history_of_ideas_studies_of_se_1d88e481\derived\dictionary_of_the_history_of_ideas_studies_of_se_1d88e481_cps_sentences_v1.jsonl"
"C0523"	"F01.jsonl"	"READY_CPS_JSONL"	"C:\OCRWork\WORKROOTS\dictionary_of_the_old_testament_wisdom_poetry_wr_dee067fd\derived\dictionary_of_the_old_testament_wisdom_poetry_wr_dee067fd_cps_sentences_ready_v1.jsonl"
"C0523"	"F02.jsonl"	"CPS_JSONL"	"C:\OCRWork\WORKROOTS\dictionary_of_the_old_testament_wisdom_poetry_wr_dee067fd\derived\dictionary_of_the_old_testament_wisdom_poetry_wr_dee067fd_cps_sentences_v1.jsonl"
"C0524"	"F01.jsonl"	"READY_CPS_JSONL"	"C:\OCRWork\WORKROOTS\dictionary_of_word_origins_flavell_linda_flavell_b7b7d255\derived\dictionary_of_word_origins_flavell_linda_flavell_b7b7d255_cps_sentences_ready_v1.jsonl"
"C0524"	"F02.jsonl"	"CPS_JSONL"	"C:\OCRWork\WORKROOTS\dictionary_of_word_origins_flavell_linda_flavell_b7b7d255\derived\dictionary_of_word_origins_flavell_linda_flavell_b7b7d255_cps_sentences_v1.jsonl"
"C0525"	"F01.jsonl"	"READY_CPS_JSONL"	"C:\OCRWork\WORKROOTS\dictionary_of_word_roots_and_combining_forms_com_5939aaf2\derived\dictionary_of_word_roots_and_combining_forms_com_5939aaf2_cps_sentences_ready_v1.jsonl"
"C0525"	"F02.jsonl"	"CPS_JSONL"	"C:\OCRWork\WORKROOTS\dictionary_of_word_roots_and_combining_forms_com_5939aaf2\derived\dictionary_of_word_roots_and_combining_forms_com_5939aaf2_cps_sentences_v1.jsonl"
"C0526"	"F01.jsonl"	"READY_CPS_JSONL"	"C:\OCRWork\WORKROOTS\dionysos_rising_the_birth_of_cultural_revolution_2dee1762\derived\dionysos_rising_the_birth_of_cultural_revolution_2dee1762_cps_sentences_ready_v1.jsonl"
"C0526"	"F02.jsonl"	"CPS_JSONL"	"C:\OCRWork\WORKROOTS\dionysos_rising_the_birth_of_cultural_revolution_2dee1762\derived\dionysos_rising_the_birth_of_cultural_revolution_2dee1762_cps_sentences_v1.jsonl"
"C0527"	"F01.jsonl"	"READY_CPS_JSONL"	"C:\OCRWork\WORKROOTS\documents_of_freedom_a_look_at_the_declaration_o_2e4fb12a\derived\documents_of_freedom_a_look_at_the_declaration_o_2e4fb12a_cps_sentences_ready_v1.jsonl"
"C0527"	"F02.jsonl"	"CPS_JSONL"	"C:\OCRWork\WORKROOTS\documents_of_freedom_a_look_at_the_declaration_o_2e4fb12a\derived\documents_of_freedom_a_look_at_the_declaration_o_2e4fb12a_cps_sentences_v1.jsonl"
"C0528"	"F01.jsonl"	"READY_CPS_JSONL"	"C:\OCRWork\WORKROOTS\dream_dictionary_for_dummies_for_dummies_psychol_31103b67\derived\dream_dictionary_for_dummies_for_dummies_psychol_31103b67_cps_sentences_ready_v1.jsonl"
"C0528"	"F02.jsonl"	"CPS_JSONL"	"C:\OCRWork\WORKROOTS\dream_dictionary_for_dummies_for_dummies_psychol_31103b67\derived\dream_dictionary_for_dummies_for_dummies_psychol_31103b67_cps_sentences_v1.jsonl"
"C0529"	"F01.jsonl"	"READY_CPS_JSONL"	"C:\OCRWork\WORKROOTS\elsevier_s_dictionary_of_medicine_and_biology_in_49fd9f2a\derived\elsevier_s_dictionary_of_medicine_and_biology_in_49fd9f2a_cps_sentences_ready_v1.jsonl"
"C0529"	"F02.jsonl"	"CPS_JSONL"	"C:\OCRWork\WORKROOTS\elsevier_s_dictionary_of_medicine_and_biology_in_49fd9f2a\derived\elsevier_s_dictionary_of_medicine_and_biology_in_49fd9f2a_cps_sentences_v1.jsonl"
"C0530"	"F01.jsonl"	"READY_CPS_JSONL"	"C:\OCRWork\WORKROOTS\encyclopedic_dictionary_of_american_reference_j_4fbe907a\derived\encyclopedic_dictionary_of_american_reference_j_4fbe907a_cps_sentences_ready_v1.jsonl"
"C0530"	"F02.jsonl"	"CPS_JSONL"	"C:\OCRWork\WORKROOTS\encyclopedic_dictionary_of_american_reference_j_4fbe907a\derived\encyclopedic_dictionary_of_american_reference_j_4fbe907a_cps_sentences_v1.jsonl"
"C0531"	"F01.jsonl"	"READY_CPS_JSONL"	"C:\OCRWork\WORKROOTS\encyclopedic_dictionary_of_mathematics_japan_sim_a69ae218\derived\encyclopedic_dictionary_of_mathematics_japan_sim_a69ae218_cps_sentences_ready_v1.jsonl"
"C0531"	"F02.jsonl"	"CPS_JSONL"	"C:\OCRWork\WORKROOTS\encyclopedic_dictionary_of_mathematics_japan_sim_a69ae218\derived\encyclopedic_dictionary_of_mathematics_japan_sim_a69ae218_cps_sentences_v1.jsonl"
"C0532"	"F01.jsonl"	"READY_CPS_JSONL"	"C:\OCRWork\WORKROOTS\encyclopedic_dictionary_of_mentalism_vol_1_hull_4220619a\derived\encyclopedic_dictionary_of_mentalism_vol_1_hull_4220619a_cps_sentences_ready_v1.jsonl"
"C0532"	"F02.jsonl"	"CPS_JSONL"	"C:\OCRWork\WORKROOTS\encyclopedic_dictionary_of_mentalism_vol_1_hull_4220619a\derived\encyclopedic_dictionary_of_mentalism_vol_1_hull_4220619a_cps_sentences_v1.jsonl"
"C0533"	"F01.jsonl"	"READY_CPS_JSONL"	"C:\OCRWork\WORKROOTS\english_constitutional_conflicts_of_the_seventee_369ec2a9\derived\english_constitutional_conflicts_of_the_seventee_369ec2a9_cps_sentences_ready_v1.jsonl"
"C0533"	"F02.jsonl"	"CPS_JSONL"	"C:\OCRWork\WORKROOTS\english_constitutional_conflicts_of_the_seventee_369ec2a9\derived\english_constitutional_conflicts_of_the_seventee_369ec2a9_cps_sentences_v1.jsonl"
"C0534"	"F01.jsonl"	"READY_CPS_JSONL"	"C:\OCRWork\WORKROOTS\english_macedonian_dialectal_dictionary_based_on_f170ec06\derived\english_macedonian_dialectal_dictionary_based_on_f170ec06_cps_sentences_ready_v1.jsonl"
"C0534"	"F02.jsonl"	"CPS_JSONL"	"C:\OCRWork\WORKROOTS\english_macedonian_dialectal_dictionary_based_on_f170ec06\derived\english_macedonian_dialectal_dictionary_based_on_f170ec06_cps_sentences_v1.jsonl"
"C0535"	"F01.jsonl"	"READY_CPS_JSONL"	"C:\OCRWork\WORKROOTS\english_old_norse_dictionary_ross_arthur_g_e3d39_1b161cbc\derived\english_old_norse_dictionary_ross_arthur_g_e3d39_1b161cbc_cps_sentences_ready_v1.jsonl"
"C0535"	"F02.jsonl"	"CPS_JSONL"	"C:\OCRWork\WORKROOTS\english_old_norse_dictionary_ross_arthur_g_e3d39_1b161cbc\derived\english_old_norse_dictionary_ross_arthur_g_e3d39_1b161cbc_cps_sentences_v1.jsonl"
"C0536"	"F01.jsonl"	"READY_CPS_JSONL"	"C:\OCRWork\WORKROOTS\essential_dictionary_of_music_notation_the_most_0f2930a3\derived\essential_dictionary_of_music_notation_the_most_0f2930a3_cps_sentences_ready_v1.jsonl"
"C0536"	"F02.jsonl"	"CPS_JSONL"	"C:\OCRWork\WORKROOTS\essential_dictionary_of_music_notation_the_most_0f2930a3\derived\essential_dictionary_of_music_notation_the_most_0f2930a3_cps_sentences_v1.jsonl"
"C0537"	"F01.jsonl"	"READY_CPS_JSONL"	"C:\OCRWork\WORKROOTS\essential_dictionary_of_music_notation_the_most_1716c685\derived\essential_dictionary_of_music_notation_the_most_1716c685_cps_sentences_ready_v1.jsonl"
"C0537"	"F02.jsonl"	"CPS_JSONL"	"C:\OCRWork\WORKROOTS\essential_dictionary_of_music_notation_the_most_1716c685\derived\essential_dictionary_of_music_notation_the_most_1716c685_cps_sentences_v1.jsonl"
"C0538"	"F01.jsonl"	"READY_CPS_JSONL"	"C:\OCRWork\WORKROOTS\essential_dictionary_of_orchestration_the_most_p_943ca8f1\derived\essential_dictionary_of_orchestration_the_most_p_943ca8f1_cps_sentences_ready_v1.jsonl"
"C0538"	"F02.jsonl"	"CPS_JSONL"	"C:\OCRWork\WORKROOTS\essential_dictionary_of_orchestration_the_most_p_943ca8f1\derived\essential_dictionary_of_orchestration_the_most_p_943ca8f1_cps_sentences_v1.jsonl"
"C0539"	"F01.jsonl"	"READY_CPS_JSONL"	"C:\OCRWork\WORKROOTS\fallows_supplemental_dictionary\derived\fallows_supplemental_dictionary_cps_sentences_ready_v1.jsonl"
"C0539"	"F02.jsonl"	"CPS_JSONL"	"C:\OCRWork\WORKROOTS\fallows_supplemental_dictionary\derived\fallows_supplemental_dictionary_cps_sentences_v1.jsonl"
"C0540"	"F01.jsonl"	"READY_CPS_JSONL"	"C:\OCRWork\WORKROOTS\goebbels_mastermind_of_the_third_reich_focal_poi_11e3640d\derived\goebbels_mastermind_of_the_third_reich_focal_poi_11e3640d_cps_sentences_ready_v1.jsonl"
"C0540"	"F02.jsonl"	"CPS_JSONL"	"C:\OCRWork\WORKROOTS\goebbels_mastermind_of_the_third_reich_focal_poi_11e3640d\derived\goebbels_mastermind_of_the_third_reich_focal_poi_11e3640d_cps_sentences_v1.jsonl"
"C0541"	"F01.jsonl"	"READY_CPS_JSONL"	"C:\OCRWork\WORKROOTS\historical_dictionaries_of_religions_philosophie_c1c2018e\derived\historical_dictionaries_of_religions_philosophie_c1c2018e_cps_sentences_ready_v1.jsonl"
"C0541"	"F02.jsonl"	"CPS_JSONL"	"C:\OCRWork\WORKROOTS\historical_dictionaries_of_religions_philosophie_c1c2018e\derived\historical_dictionaries_of_religions_philosophie_c1c2018e_cps_sentences_v1.jsonl"
"C0542"	"F01.jsonl"	"READY_CPS_JSONL"	"C:\OCRWork\WORKROOTS\historical_dictionary_of_american_theater_james_5ead341b\derived\historical_dictionary_of_american_theater_james_5ead341b_cps_sentences_ready_v1.jsonl"
"C0542"	"F02.jsonl"	"CPS_JSONL"	"C:\OCRWork\WORKROOTS\historical_dictionary_of_american_theater_james_5ead341b\derived\historical_dictionary_of_american_theater_james_5ead341b_cps_sentences_v1.jsonl"
"C0543"	"F01.jsonl"	"READY_CPS_JSONL"	"C:\OCRWork\WORKROOTS\historical_dictionary_of_baroque_music_joseph_p_ca723fca\derived\historical_dictionary_of_baroque_music_joseph_p_ca723fca_cps_sentences_ready_v1.jsonl"
"C0543"	"F02.jsonl"	"CPS_JSONL"	"C:\OCRWork\WORKROOTS\historical_dictionary_of_baroque_music_joseph_p_ca723fca\derived\historical_dictionary_of_baroque_music_joseph_p_ca723fca_cps_sentences_v1.jsonl"
"C0544"	"F01.jsonl"	"READY_CPS_JSONL"	"C:\OCRWork\WORKROOTS\historical_dictionary_of_calvinism_historical_di_a8eb6f66\derived\historical_dictionary_of_calvinism_historical_di_a8eb6f66_cps_sentences_ready_v1.jsonl"
"C0544"	"F02.jsonl"	"CPS_JSONL"	"C:\OCRWork\WORKROOTS\historical_dictionary_of_calvinism_historical_di_a8eb6f66\derived\historical_dictionary_of_calvinism_historical_di_a8eb6f66_cps_sentences_v1.jsonl"
"C0545"	"F01.jsonl"	"READY_CPS_JSONL"	"C:\OCRWork\WORKROOTS\historical_dictionary_of_feminist_philosophy_his_7f6bd119\derived\historical_dictionary_of_feminist_philosophy_his_7f6bd119_cps_sentences_ready_v1.jsonl"
"C0545"	"F02.jsonl"	"CPS_JSONL"	"C:\OCRWork\WORKROOTS\historical_dictionary_of_feminist_philosophy_his_7f6bd119\derived\historical_dictionary_of_feminist_philosophy_his_7f6bd119_cps_sentences_v1.jsonl"
"C0546"	"F01.jsonl"	"READY_CPS_JSONL"	"C:\OCRWork\WORKROOTS\historical_dictionary_of_quotations_in_cognitive_57255bc4\derived\historical_dictionary_of_quotations_in_cognitive_57255bc4_cps_sentences_ready_v1.jsonl"
"C0546"	"F02.jsonl"	"CPS_JSONL"	"C:\OCRWork\WORKROOTS\historical_dictionary_of_quotations_in_cognitive_57255bc4\derived\historical_dictionary_of_quotations_in_cognitive_57255bc4_cps_sentences_v1.jsonl"
"C0547"	"F01.jsonl"	"READY_CPS_JSONL"	"C:\OCRWork\WORKROOTS\historical_dictionary_of_socialism_historical_di_db9e06e3\derived\historical_dictionary_of_socialism_historical_di_db9e06e3_cps_sentences_ready_v1.jsonl"
"C0547"	"F02.jsonl"	"CPS_JSONL"	"C:\OCRWork\WORKROOTS\historical_dictionary_of_socialism_historical_di_db9e06e3\derived\historical_dictionary_of_socialism_historical_di_db9e06e3_cps_sentences_v1.jsonl"
"C0548"	"F01.jsonl"	"READY_CPS_JSONL"	"C:\OCRWork\WORKROOTS\historical_dictionary_of_the_korean_war_unknown_be832de7\derived\historical_dictionary_of_the_korean_war_unknown_be832de7_cps_sentences_ready_v1.jsonl"
"C0548"	"F02.jsonl"	"CPS_JSONL"	"C:\OCRWork\WORKROOTS\historical_dictionary_of_the_korean_war_unknown_be832de7\derived\historical_dictionary_of_the_korean_war_unknown_be832de7_cps_sentences_v1.jsonl"
"C0549"	"F01.jsonl"	"READY_CPS_JSONL"	"C:\OCRWork\WORKROOTS\historical_dictionary_of_the_lesbian_and_gay_lib_a3b9c89f\derived\historical_dictionary_of_the_lesbian_and_gay_lib_a3b9c89f_cps_sentences_ready_v1.jsonl"
"C0549"	"F02.jsonl"	"CPS_JSONL"	"C:\OCRWork\WORKROOTS\historical_dictionary_of_the_lesbian_and_gay_lib_a3b9c89f\derived\historical_dictionary_of_the_lesbian_and_gay_lib_a3b9c89f_cps_sentences_v1.jsonl"
"C0550"	"F01.jsonl"	"READY_CPS_JSONL"	"C:\OCRWork\WORKROOTS\historical_dictionary_of_the_ottoman_empire_2003_456e754b\derived\historical_dictionary_of_the_ottoman_empire_2003_456e754b_cps_sentences_ready_v1.jsonl"
"C0550"	"F02.jsonl"	"CPS_JSONL"	"C:\OCRWork\WORKROOTS\historical_dictionary_of_the_ottoman_empire_2003_456e754b\derived\historical_dictionary_of_the_ottoman_empire_2003_456e754b_cps_sentences_v1.jsonl"
"C0551"	"F01.jsonl"	"READY_CPS_JSONL"	"C:\OCRWork\WORKROOTS\historical_dictionary_of_the_puritans_charles_pa_15ad4e8c\derived\historical_dictionary_of_the_puritans_charles_pa_15ad4e8c_cps_sentences_ready_v1.jsonl"
"C0551"	"F02.jsonl"	"CPS_JSONL"	"C:\OCRWork\WORKROOTS\historical_dictionary_of_the_puritans_charles_pa_15ad4e8c\derived\historical_dictionary_of_the_puritans_charles_pa_15ad4e8c_cps_sentences_v1.jsonl"
"C0552"	"F01.jsonl"	"READY_CPS_JSONL"	"C:\OCRWork\WORKROOTS\historical_dictionary_of_the_renaissance_histori_081f7fba\derived\historical_dictionary_of_the_renaissance_histori_081f7fba_cps_sentences_ready_v1.jsonl"
"C0552"	"F02.jsonl"	"CPS_JSONL"	"C:\OCRWork\WORKROOTS\historical_dictionary_of_the_renaissance_histori_081f7fba\derived\historical_dictionary_of_the_renaissance_histori_081f7fba_cps_sentences_v1.jsonl"
"C0553"	"F01.jsonl"	"READY_CPS_JSONL"	"C:\OCRWork\WORKROOTS\historical_dictionary_of_the_u_s_army_jerold_e_b_bc4c862d\derived\historical_dictionary_of_the_u_s_army_jerold_e_b_bc4c862d_cps_sentences_ready_v1.jsonl"
"C0553"	"F02.jsonl"	"CPS_JSONL"	"C:\OCRWork\WORKROOTS\historical_dictionary_of_the_u_s_army_jerold_e_b_bc4c862d\derived\historical_dictionary_of_the_u_s_army_jerold_e_b_bc4c862d_cps_sentences_v1.jsonl"
"C0554"	"F01.jsonl"	"READY_CPS_JSONL"	"C:\OCRWork\WORKROOTS\historical_dictionary_of_wittgenstein_s_philosop_4a14c869\derived\historical_dictionary_of_wittgenstein_s_philosop_4a14c869_cps_sentences_ready_v1.jsonl"
"C0554"	"F02.jsonl"	"CPS_JSONL"	"C:\OCRWork\WORKROOTS\historical_dictionary_of_wittgenstein_s_philosop_4a14c869\derived\historical_dictionary_of_wittgenstein_s_philosop_4a14c869_cps_sentences_v1.jsonl"
"C0555"	"F01.jsonl"	"READY_CPS_JSONL"	"C:\OCRWork\WORKROOTS\historical_dictionary_of_wittgenstein_s_philosop_4d2aa363\derived\historical_dictionary_of_wittgenstein_s_philosop_4d2aa363_cps_sentences_ready_v1.jsonl"
"C0555"	"F02.jsonl"	"CPS_JSONL"	"C:\OCRWork\WORKROOTS\historical_dictionary_of_wittgenstein_s_philosop_4d2aa363\derived\historical_dictionary_of_wittgenstein_s_philosop_4d2aa363_cps_sentences_v1.jsonl"
"C0556"	"F01.jsonl"	"READY_CPS_JSONL"	"C:\OCRWork\WORKROOTS\history_on_trial_my_day_in_court_with_david_irvi_ae3d878a\derived\history_on_trial_my_day_in_court_with_david_irvi_ae3d878a_cps_sentences_ready_v1.jsonl"
"C0556"	"F02.jsonl"	"CPS_JSONL"	"C:\OCRWork\WORKROOTS\history_on_trial_my_day_in_court_with_david_irvi_ae3d878a\derived\history_on_trial_my_day_in_court_with_david_irvi_ae3d878a_cps_sentences_v1.jsonl"
"C0557"	"F01.jsonl"	"READY_CPS_JSONL"	"C:\OCRWork\WORKROOTS\homeric_dictionary_autenrieth_g_2002c4c545975ea4_ec2519bc\derived\homeric_dictionary_autenrieth_g_2002c4c545975ea4_ec2519bc_cps_sentences_ready_v1.jsonl"
"C0557"	"F02.jsonl"	"CPS_JSONL"	"C:\OCRWork\WORKROOTS\homeric_dictionary_autenrieth_g_2002c4c545975ea4_ec2519bc\derived\homeric_dictionary_autenrieth_g_2002c4c545975ea4_ec2519bc_cps_sentences_v1.jsonl"
"C0558"	"F01.jsonl"	"READY_CPS_JSONL"	"C:\OCRWork\WORKROOTS\illustrated_dictionary_of_architecture_2nd_editi_af63dd40\derived\illustrated_dictionary_of_architecture_2nd_editi_af63dd40_cps_sentences_ready_v1.jsonl"
"C0558"	"F02.jsonl"	"CPS_JSONL"	"C:\OCRWork\WORKROOTS\illustrated_dictionary_of_architecture_2nd_editi_af63dd40\derived\illustrated_dictionary_of_architecture_2nd_editi_af63dd40_cps_sentences_v1.jsonl"
"C0559"	"F01.jsonl"	"READY_CPS_JSONL"	"C:\OCRWork\WORKROOTS\illustrated_dictionary_of_beauty_care_editorial_a7952981\derived\illustrated_dictionary_of_beauty_care_editorial_a7952981_cps_sentences_ready_v1.jsonl"
"C0559"	"F02.jsonl"	"CPS_JSONL"	"C:\OCRWork\WORKROOTS\illustrated_dictionary_of_beauty_care_editorial_a7952981\derived\illustrated_dictionary_of_beauty_care_editorial_a7952981_cps_sentences_v1.jsonl"
"C0560"	"F01.jsonl"	"READY_CPS_JSONL"	"C:\OCRWork\WORKROOTS\illustrated_dictionary_of_biology_3rd_edition_al_80d48112\derived\illustrated_dictionary_of_biology_3rd_edition_al_80d48112_cps_sentences_ready_v1.jsonl"
"C0560"	"F02.jsonl"	"CPS_JSONL"	"C:\OCRWork\WORKROOTS\illustrated_dictionary_of_biology_3rd_edition_al_80d48112\derived\illustrated_dictionary_of_biology_3rd_edition_al_80d48112_cps_sentences_v1.jsonl"
"C0561"	"F01.jsonl"	"READY_CPS_JSONL"	"C:\OCRWork\WORKROOTS\illustrated_dictionary_of_biology_editorial_boar_fec2898a\derived\illustrated_dictionary_of_biology_editorial_boar_fec2898a_cps_sentences_ready_v1.jsonl"
"C0561"	"F02.jsonl"	"CPS_JSONL"	"C:\OCRWork\WORKROOTS\illustrated_dictionary_of_biology_editorial_boar_fec2898a\derived\illustrated_dictionary_of_biology_editorial_boar_fec2898a_cps_sentences_v1.jsonl"
"C0562"	"F01.jsonl"	"READY_CPS_JSONL"	"C:\OCRWork\WORKROOTS\illustrated_dictionary_of_building_construction_c83ab050\derived\illustrated_dictionary_of_building_construction_c83ab050_cps_sentences_ready_v1.jsonl"
"C0562"	"F02.jsonl"	"CPS_JSONL"	"C:\OCRWork\WORKROOTS\illustrated_dictionary_of_building_construction_c83ab050\derived\illustrated_dictionary_of_building_construction_c83ab050_cps_sentences_v1.jsonl"
"C0563"	"F01.jsonl"	"READY_CPS_JSONL"	"C:\OCRWork\WORKROOTS\illustrated_dictionary_of_digital_marketing_2nd_84a00126\derived\illustrated_dictionary_of_digital_marketing_2nd_84a00126_cps_sentences_ready_v1.jsonl"
"C0563"	"F02.jsonl"	"CPS_JSONL"	"C:\OCRWork\WORKROOTS\illustrated_dictionary_of_digital_marketing_2nd_84a00126\derived\illustrated_dictionary_of_digital_marketing_2nd_84a00126_cps_sentences_v1.jsonl"
"C0564"	"F01.jsonl"	"READY_CPS_JSONL"	"C:\OCRWork\WORKROOTS\illustrated_dictionary_of_education_2nd_edition_a9030c21\derived\illustrated_dictionary_of_education_2nd_edition_a9030c21_cps_sentences_ready_v1.jsonl"
"C0564"	"F02.jsonl"	"CPS_JSONL"	"C:\OCRWork\WORKROOTS\illustrated_dictionary_of_education_2nd_edition_a9030c21\derived\illustrated_dictionary_of_education_2nd_edition_a9030c21_cps_sentences_v1.jsonl"
"C0565"	"F01.jsonl"	"READY_CPS_JSONL"	"C:\OCRWork\WORKROOTS\illustrated_dictionary_of_entrepreneurship_2nd_e_33854d43\derived\illustrated_dictionary_of_entrepreneurship_2nd_e_33854d43_cps_sentences_ready_v1.jsonl"
"C0565"	"F02.jsonl"	"CPS_JSONL"	"C:\OCRWork\WORKROOTS\illustrated_dictionary_of_entrepreneurship_2nd_e_33854d43\derived\illustrated_dictionary_of_entrepreneurship_2nd_e_33854d43_cps_sentences_v1.jsonl"
"C0566"	"F01.jsonl"	"READY_CPS_JSONL"	"C:\OCRWork\WORKROOTS\illustrated_dictionary_of_fashion_textile_editor_48b5d46c\derived\illustrated_dictionary_of_fashion_textile_editor_48b5d46c_cps_sentences_ready_v1.jsonl"
"C0566"	"F02.jsonl"	"CPS_JSONL"	"C:\OCRWork\WORKROOTS\illustrated_dictionary_of_fashion_textile_editor_48b5d46c\derived\illustrated_dictionary_of_fashion_textile_editor_48b5d46c_cps_sentences_v1.jsonl"
"C0567"	"F01.jsonl"	"READY_CPS_JSONL"	"C:\OCRWork\WORKROOTS\illustrated_dictionary_of_horticulture_2nd_editi_fa2053b6\derived\illustrated_dictionary_of_horticulture_2nd_editi_fa2053b6_cps_sentences_ready_v1.jsonl"
"C0567"	"F02.jsonl"	"CPS_JSONL"	"C:\OCRWork\WORKROOTS\illustrated_dictionary_of_horticulture_2nd_editi_fa2053b6\derived\illustrated_dictionary_of_horticulture_2nd_editi_fa2053b6_cps_sentences_v1.jsonl"
"C0568"	"F01.jsonl"	"READY_CPS_JSONL"	"C:\OCRWork\WORKROOTS\illustrated_dictionary_of_human_resource_managem_5c34e672\derived\illustrated_dictionary_of_human_resource_managem_5c34e672_cps_sentences_ready_v1.jsonl"
"C0568"	"F02.jsonl"	"CPS_JSONL"	"C:\OCRWork\WORKROOTS\illustrated_dictionary_of_human_resource_managem_5c34e672\derived\illustrated_dictionary_of_human_resource_managem_5c34e672_cps_sentences_v1.jsonl"
"C0569"	"F01.jsonl"	"READY_CPS_JSONL"	"C:\OCRWork\WORKROOTS\illustrated_dictionary_of_information_technology_f5a07471\derived\illustrated_dictionary_of_information_technology_f5a07471_cps_sentences_ready_v1.jsonl"
"C0569"	"F02.jsonl"	"CPS_JSONL"	"C:\OCRWork\WORKROOTS\illustrated_dictionary_of_information_technology_f5a07471\derived\illustrated_dictionary_of_information_technology_f5a07471_cps_sentences_v1.jsonl"
"C0570"	"F01.jsonl"	"READY_CPS_JSONL"	"C:\OCRWork\WORKROOTS\illustrated_dictionary_of_managament_2nd_edition_faaa13b6\derived\illustrated_dictionary_of_managament_2nd_edition_faaa13b6_cps_sentences_ready_v1.jsonl"
"C0570"	"F02.jsonl"	"CPS_JSONL"	"C:\OCRWork\WORKROOTS\illustrated_dictionary_of_managament_2nd_edition_faaa13b6\derived\illustrated_dictionary_of_managament_2nd_edition_faaa13b6_cps_sentences_v1.jsonl"
"C0571"	"F01.jsonl"	"READY_CPS_JSONL"	"C:\OCRWork\WORKROOTS\illustrated_dictionary_of_microbiology_editorial_647635a0\derived\illustrated_dictionary_of_microbiology_editorial_647635a0_cps_sentences_ready_v1.jsonl"
"C0571"	"F02.jsonl"	"CPS_JSONL"	"C:\OCRWork\WORKROOTS\illustrated_dictionary_of_microbiology_editorial_647635a0\derived\illustrated_dictionary_of_microbiology_editorial_647635a0_cps_sentences_v1.jsonl"
"C0572"	"F01.jsonl"	"READY_CPS_JSONL"	"C:\OCRWork\WORKROOTS\illustrated_dictionary_of_science_2nd_edition_de_01324a24\derived\illustrated_dictionary_of_science_2nd_edition_de_01324a24_cps_sentences_ready_v1.jsonl"
"C0572"	"F02.jsonl"	"CPS_JSONL"	"C:\OCRWork\WORKROOTS\illustrated_dictionary_of_science_2nd_edition_de_01324a24\derived\illustrated_dictionary_of_science_2nd_edition_de_01324a24_cps_sentences_v1.jsonl"
"C0573"	"F01.jsonl"	"READY_CPS_JSONL"	"C:\OCRWork\WORKROOTS\illustrated_dictionary_of_sociology_editorial_bo_1a4e3490\derived\illustrated_dictionary_of_sociology_editorial_bo_1a4e3490_cps_sentences_ready_v1.jsonl"
"C0573"	"F02.jsonl"	"CPS_JSONL"	"C:\OCRWork\WORKROOTS\illustrated_dictionary_of_sociology_editorial_bo_1a4e3490\derived\illustrated_dictionary_of_sociology_editorial_bo_1a4e3490_cps_sentences_v1.jsonl"
"C0574"	"F01.jsonl"	"READY_CPS_JSONL"	"C:\OCRWork\WORKROOTS\illustrated_dictionary_of_zoology_3rd_edition_al_ed6f170f\derived\illustrated_dictionary_of_zoology_3rd_edition_al_ed6f170f_cps_sentences_ready_v1.jsonl"
"C0574"	"F02.jsonl"	"CPS_JSONL"	"C:\OCRWork\WORKROOTS\illustrated_dictionary_of_zoology_3rd_edition_al_ed6f170f\derived\illustrated_dictionary_of_zoology_3rd_edition_al_ed6f170f_cps_sentences_v1.jsonl"
"C0575"	"F01.jsonl"	"READY_CPS_JSONL"	"C:\OCRWork\WORKROOTS\illustrated_dictionary_of_zoology_editorial_boar_55c39870\derived\illustrated_dictionary_of_zoology_editorial_boar_55c39870_cps_sentences_ready_v1.jsonl"
"C0575"	"F02.jsonl"	"CPS_JSONL"	"C:\OCRWork\WORKROOTS\illustrated_dictionary_of_zoology_editorial_boar_55c39870\derived\illustrated_dictionary_of_zoology_editorial_boar_55c39870_cps_sentences_v1.jsonl"
"C0576"	"F01.jsonl"	"READY_CPS_JSONL"	"C:\OCRWork\WORKROOTS\in_the_service_of_the_reich_irving_david_2003_96_ef500a95\derived\in_the_service_of_the_reich_irving_david_2003_96_ef500a95_cps_sentences_ready_v1.jsonl"
"C0576"	"F02.jsonl"	"CPS_JSONL"	"C:\OCRWork\WORKROOTS\in_the_service_of_the_reich_irving_david_2003_96_ef500a95\derived\in_the_service_of_the_reich_irving_david_2003_96_ef500a95_cps_sentences_v1.jsonl"
"C0577"	"F01.jsonl"	"READY_CPS_JSONL"	"C:\OCRWork\WORKROOTS\is_notre_dame_still_catholic_jones_e_michael_sep_e9aaaf85\derived\is_notre_dame_still_catholic_jones_e_michael_sep_e9aaaf85_cps_sentences_ready_v1.jsonl"
"C0577"	"F02.jsonl"	"CPS_JSONL"	"C:\OCRWork\WORKROOTS\is_notre_dame_still_catholic_jones_e_michael_sep_e9aaaf85\derived\is_notre_dame_still_catholic_jones_e_michael_sep_e9aaaf85_cps_sentences_v1.jsonl"
"C0578"	"F01.jsonl"	"READY_CPS_JSONL"	"C:\OCRWork\WORKROOTS\jewish_fables_darwinism_materialism_and_other_je_b6fbb842\derived\jewish_fables_darwinism_materialism_and_other_je_b6fbb842_cps_sentences_ready_v1.jsonl"
"C0578"	"F02.jsonl"	"CPS_JSONL"	"C:\OCRWork\WORKROOTS\jewish_fables_darwinism_materialism_and_other_je_b6fbb842\derived\jewish_fables_darwinism_materialism_and_other_je_b6fbb842_cps_sentences_v1.jsonl"
"C0579"	"F01.jsonl"	"READY_CPS_JSONL"	"C:\OCRWork\WORKROOTS\jewish_nazis_e_michael_jones_2011_fidelity_press_bb0ed768\derived\jewish_nazis_e_michael_jones_2011_fidelity_press_bb0ed768_cps_sentences_ready_v1.jsonl"
"C0579"	"F02.jsonl"	"CPS_JSONL"	"C:\OCRWork\WORKROOTS\jewish_nazis_e_michael_jones_2011_fidelity_press_bb0ed768\derived\jewish_nazis_e_michael_jones_2011_fidelity_press_bb0ed768_cps_sentences_v1.jsonl"
"C0580"	"F01.jsonl"	"READY_CPS_JSONL"	"C:\OCRWork\WORKROOTS\keylontic_science_dictionary_2_azurtanya_ah_de_t_0521861a\derived\keylontic_science_dictionary_2_azurtanya_ah_de_t_0521861a_cps_sentences_ready_v1.jsonl"
"C0580"	"F02.jsonl"	"CPS_JSONL"	"C:\OCRWork\WORKROOTS\keylontic_science_dictionary_2_azurtanya_ah_de_t_0521861a\derived\keylontic_science_dictionary_2_azurtanya_ah_de_t_0521861a_cps_sentences_v1.jsonl"
"C0581"	"F01.jsonl"	"READY_CPS_JSONL"	"C:\OCRWork\WORKROOTS\lewis_dictionary_of_occupational_and_environment_8d6fdd22\derived\lewis_dictionary_of_occupational_and_environment_8d6fdd22_cps_sentences_ready_v1.jsonl"
"C0581"	"F02.jsonl"	"CPS_JSONL"	"C:\OCRWork\WORKROOTS\lewis_dictionary_of_occupational_and_environment_8d6fdd22\derived\lewis_dictionary_of_occupational_and_environment_8d6fdd22_cps_sentences_v1.jsonl"
"C0582"	"F01.jsonl"	"READY_CPS_JSONL"	"C:\OCRWork\WORKROOTS\libido_dominandi_sexual_liberation_and_political_95ac12eb\derived\libido_dominandi_sexual_liberation_and_political_95ac12eb_cps_sentences_ready_v1.jsonl"
"C0582"	"F02.jsonl"	"CPS_JSONL"	"C:\OCRWork\WORKROOTS\libido_dominandi_sexual_liberation_and_political_95ac12eb\derived\libido_dominandi_sexual_liberation_and_political_95ac12eb_cps_sentences_v1.jsonl"
"C0583"	"F01.jsonl"	"READY_CPS_JSONL"	"C:\OCRWork\WORKROOTS\living_machines_bauhaus_architecture_as_sexual_i_277d3ace\derived\living_machines_bauhaus_architecture_as_sexual_i_277d3ace_cps_sentences_ready_v1.jsonl"
"C0583"	"F02.jsonl"	"CPS_JSONL"	"C:\OCRWork\WORKROOTS\living_machines_bauhaus_architecture_as_sexual_i_277d3ace\derived\living_machines_bauhaus_architecture_as_sexual_i_277d3ace_cps_sentences_v1.jsonl"
"C0584"	"F01.jsonl"	"READY_CPS_JSONL"	"C:\OCRWork\WORKROOTS\logos_rising_a_history_of_ultimate_reality_jones_80dc9027\derived\logos_rising_a_history_of_ultimate_reality_jones_80dc9027_cps_sentences_ready_v1.jsonl"
"C0584"	"F02.jsonl"	"CPS_JSONL"	"C:\OCRWork\WORKROOTS\logos_rising_a_history_of_ultimate_reality_jones_80dc9027\derived\logos_rising_a_history_of_ultimate_reality_jones_80dc9027_cps_sentences_v1.jsonl"
"C0585"	"F01.jsonl"	"READY_CPS_JSONL"	"C:\OCRWork\WORKROOTS\longman_dictionary_of_common_errors_n_d_turton_a_bb5d1214\derived\longman_dictionary_of_common_errors_n_d_turton_a_bb5d1214_cps_sentences_ready_v1.jsonl"
"C0585"	"F02.jsonl"	"CPS_JSONL"	"C:\OCRWork\WORKROOTS\longman_dictionary_of_common_errors_n_d_turton_a_bb5d1214\derived\longman_dictionary_of_common_errors_n_d_turton_a_bb5d1214_cps_sentences_v1.jsonl"
"C0586"	"F01.jsonl"	"READY_CPS_JSONL"	"C:\OCRWork\WORKROOTS\lying_about_hitler_history_holocaust_holocaust_a_db1b6c7b\derived\lying_about_hitler_history_holocaust_holocaust_a_db1b6c7b_cps_sentences_ready_v1.jsonl"
"C0586"	"F02.jsonl"	"CPS_JSONL"	"C:\OCRWork\WORKROOTS\lying_about_hitler_history_holocaust_holocaust_a_db1b6c7b\derived\lying_about_hitler_history_holocaust_holocaust_a_db1b6c7b_cps_sentences_v1.jsonl"
"C0587"	"F01.jsonl"	"READY_CPS_JSONL"	"C:\OCRWork\WORKROOTS\machiavelli_the_prince_uoc_553bc28a\derived\machiavelli_the_prince_uoc_553bc28a_cps_sentences_ready_v1.jsonl"
"C0587"	"F02.jsonl"	"CPS_JSONL"	"C:\OCRWork\WORKROOTS\machiavelli_the_prince_uoc_553bc28a\derived\machiavelli_the_prince_uoc_553bc28a_cps_sentences_v1.jsonl"
"C0588"	"F01.jsonl"	"READY_CPS_JSONL"	"C:\OCRWork\WORKROOTS\makers_of_modern_strategy_from_machiavelli_to_th_2d5edec7\derived\makers_of_modern_strategy_from_machiavelli_to_th_2d5edec7_cps_sentences_ready_v1.jsonl"
"C0588"	"F02.jsonl"	"CPS_JSONL"	"C:\OCRWork\WORKROOTS\makers_of_modern_strategy_from_machiavelli_to_th_2d5edec7\derived\makers_of_modern_strategy_from_machiavelli_to_th_2d5edec7_cps_sentences_v1.jsonl"
"C0589"	"F01.jsonl"	"READY_CPS_JSONL"	"C:\OCRWork\WORKROOTS\mathematical_english_usage_a_dictionary_trzeciak_32a36299\derived\mathematical_english_usage_a_dictionary_trzeciak_32a36299_cps_sentences_ready_v1.jsonl"
"C0589"	"F02.jsonl"	"CPS_JSONL"	"C:\OCRWork\WORKROOTS\mathematical_english_usage_a_dictionary_trzeciak_32a36299\derived\mathematical_english_usage_a_dictionary_trzeciak_32a36299_cps_sentences_v1.jsonl"
"C0590"	"F01.jsonl"	"READY_CPS_JSONL"	"C:\OCRWork\WORKROOTS\melloni_s_pocket_medical_dictionary_illustrated_981dbefc\derived\melloni_s_pocket_medical_dictionary_illustrated_981dbefc_cps_sentences_ready_v1.jsonl"
"C0590"	"F02.jsonl"	"CPS_JSONL"	"C:\OCRWork\WORKROOTS\melloni_s_pocket_medical_dictionary_illustrated_981dbefc\derived\melloni_s_pocket_medical_dictionary_illustrated_981dbefc_cps_sentences_v1.jsonl"
"C0591"	"F01.jsonl"	"READY_CPS_JSONL"	"C:\OCRWork\WORKROOTS\merriam_webster_collegiate_dictionary_9th_part_3_47da1ce6\derived\merriam_webster_collegiate_dictionary_9th_part_3_47da1ce6_cps_sentences_ready_v1.jsonl"
"C0591"	"F02.jsonl"	"CPS_JSONL"	"C:\OCRWork\WORKROOTS\merriam_webster_collegiate_dictionary_9th_part_3_47da1ce6\derived\merriam_webster_collegiate_dictionary_9th_part_3_47da1ce6_cps_sentences_v1.jsonl"
"C0592"	"F01.jsonl"	"READY_CPS_JSONL"	"C:\OCRWork\WORKROOTS\merriam_webster_s_dictionary_and_thesaurus_merri_1dacc8d1\derived\merriam_webster_s_dictionary_and_thesaurus_merri_1dacc8d1_cps_sentences_ready_v1.jsonl"
"C0592"	"F02.jsonl"	"CPS_JSONL"	"C:\OCRWork\WORKROOTS\merriam_webster_s_dictionary_and_thesaurus_merri_1dacc8d1\derived\merriam_webster_s_dictionary_and_thesaurus_merri_1dacc8d1_cps_sentences_v1.jsonl"
"C0593"	"F01.jsonl"	"READY_CPS_JSONL"	"C:\OCRWork\WORKROOTS\microsoft_word_dictionary_of_mining_mineral_rela_b475fc61\derived\microsoft_word_dictionary_of_mining_mineral_rela_b475fc61_cps_sentences_ready_v1.jsonl"
"C0593"	"F02.jsonl"	"CPS_JSONL"	"C:\OCRWork\WORKROOTS\microsoft_word_dictionary_of_mining_mineral_rela_b475fc61\derived\microsoft_word_dictionary_of_mining_mineral_rela_b475fc61_cps_sentences_v1.jsonl"
"C0594"	"F01.jsonl"	"READY_CPS_JSONL"	"C:\OCRWork\WORKROOTS\monsters_from_the_id_the_rise_of_horror_in_ficti_269a927b\derived\monsters_from_the_id_the_rise_of_horror_in_ficti_269a927b_cps_sentences_ready_v1.jsonl"
"C0594"	"F02.jsonl"	"CPS_JSONL"	"C:\OCRWork\WORKROOTS\monsters_from_the_id_the_rise_of_horror_in_ficti_269a927b\derived\monsters_from_the_id_the_rise_of_horror_in_ficti_269a927b_cps_sentences_v1.jsonl"
"C0595"	"F01.jsonl"	"READY_CPS_JSONL"	"C:\OCRWork\WORKROOTS\mosby_s_dictionary_of_medicine_nursing_health_c_41caddfc\derived\mosby_s_dictionary_of_medicine_nursing_health_c_41caddfc_cps_sentences_ready_v1.jsonl"
"C0595"	"F02.jsonl"	"CPS_JSONL"	"C:\OCRWork\WORKROOTS\mosby_s_dictionary_of_medicine_nursing_health_c_41caddfc\derived\mosby_s_dictionary_of_medicine_nursing_health_c_41caddfc_cps_sentences_v1.jsonl"
"C0596"	"F01.jsonl"	"READY_CPS_JSONL"	"C:\OCRWork\WORKROOTS\mosby_s_medical_dictionary_c_v_mosby_publishing_bbf49d4c\derived\mosby_s_medical_dictionary_c_v_mosby_publishing_bbf49d4c_cps_sentences_ready_v1.jsonl"
"C0596"	"F02.jsonl"	"CPS_JSONL"	"C:\OCRWork\WORKROOTS\mosby_s_medical_dictionary_c_v_mosby_publishing_bbf49d4c\derived\mosby_s_medical_dictionary_c_v_mosby_publishing_bbf49d4c_cps_sentences_v1.jsonl"
"C0597"	"F01.jsonl"	"READY_CPS_JSONL"	"C:\OCRWork\WORKROOTS\navigating_by_the_inner_compass_somatic_knowing_a746c2f7\derived\navigating_by_the_inner_compass_somatic_knowing_a746c2f7_cps_sentences_ready_v1.jsonl"
"C0597"	"F02.jsonl"	"CPS_JSONL"	"C:\OCRWork\WORKROOTS\navigating_by_the_inner_compass_somatic_knowing_a746c2f7\derived\navigating_by_the_inner_compass_somatic_knowing_a746c2f7_cps_sentences_v1.jsonl"
"C0598"	"F01.jsonl"	"READY_CPS_JSONL"	"C:\OCRWork\WORKROOTS\new_commentary_on_the_code_of_canon_law_new_comm_427f4e53\derived\new_commentary_on_the_code_of_canon_law_new_comm_427f4e53_cps_sentences_ready_v1.jsonl"
"C0598"	"F02.jsonl"	"CPS_JSONL"	"C:\OCRWork\WORKROOTS\new_commentary_on_the_code_of_canon_law_new_comm_427f4e53\derived\new_commentary_on_the_code_of_canon_law_new_comm_427f4e53_cps_sentences_v1.jsonl"
"C0599"	"F01.jsonl"	"READY_CPS_JSONL"	"C:\OCRWork\WORKROOTS\new_webster_s_dictionary_and_thesaurus_of_the_en_45803799\derived\new_webster_s_dictionary_and_thesaurus_of_the_en_45803799_cps_sentences_ready_v1.jsonl"
"C0599"	"F02.jsonl"	"CPS_JSONL"	"C:\OCRWork\WORKROOTS\new_webster_s_dictionary_and_thesaurus_of_the_en_45803799\derived\new_webster_s_dictionary_and_thesaurus_of_the_en_45803799_cps_sentences_v1.jsonl"
"C0600"	"F01.jsonl"	"READY_CPS_JSONL"	"C:\OCRWork\WORKROOTS\new_websters_dictionary_and_rogets_thesaurus_and_48576add\derived\new_websters_dictionary_and_rogets_thesaurus_and_48576add_cps_sentences_ready_v1.jsonl"
"C0600"	"F02.jsonl"	"CPS_JSONL"	"C:\OCRWork\WORKROOTS\new_websters_dictionary_and_rogets_thesaurus_and_48576add\derived\new_websters_dictionary_and_rogets_thesaurus_and_48576add_cps_sentences_v1.jsonl"
"C0601"	"F01.jsonl"	"READY_CPS_JSONL"	"C:\OCRWork\WORKROOTS\nuer_english_dictionary_huffman_ray_958dbff1bf78_5d22ad79\derived\nuer_english_dictionary_huffman_ray_958dbff1bf78_5d22ad79_cps_sentences_ready_v1.jsonl"
"C0601"	"F02.jsonl"	"CPS_JSONL"	"C:\OCRWork\WORKROOTS\nuer_english_dictionary_huffman_ray_958dbff1bf78_5d22ad79\derived\nuer_english_dictionary_huffman_ray_958dbff1bf78_5d22ad79_cps_sentences_v1.jsonl"
"C0602"	"F01.jsonl"	"READY_CPS_JSONL"	"C:\OCRWork\WORKROOTS\nuremberg_the_last_battle_david_irving_walter_fr_f775ad58\derived\nuremberg_the_last_battle_david_irving_walter_fr_f775ad58_cps_sentences_ready_v1.jsonl"
"C0602"	"F02.jsonl"	"CPS_JSONL"	"C:\OCRWork\WORKROOTS\nuremberg_the_last_battle_david_irving_walter_fr_f775ad58\derived\nuremberg_the_last_battle_david_irving_walter_fr_f775ad58_cps_sentences_v1.jsonl"
"C0603"	"F01.jsonl"	"READY_CPS_JSONL"	"C:\OCRWork\WORKROOTS\ogilvie_imperial_dictionary_1853\derived\ogilvie_imperial_dictionary_1853_cps_sentences_ready_v1.jsonl"
"C0603"	"F02.jsonl"	"CPS_JSONL"	"C:\OCRWork\WORKROOTS\ogilvie_imperial_dictionary_1853\derived\ogilvie_imperial_dictionary_1853_cps_sentences_v1.jsonl"
"C0604"	"F01.jsonl"	"READY_CPS_JSONL"	"C:\OCRWork\WORKROOTS\ogilvie_imperial_dictionary_1856\derived\ogilvie_imperial_dictionary_1856_cps_sentences_ready_v1.jsonl"
"C0604"	"F02.jsonl"	"CPS_JSONL"	"C:\OCRWork\WORKROOTS\ogilvie_imperial_dictionary_1856\derived\ogilvie_imperial_dictionary_1856_cps_sentences_v1.jsonl"
"C0605"	"F01.jsonl"	"READY_CPS_JSONL"	"C:\OCRWork\WORKROOTS\ogilvie_imperial_dictionary_1863\derived\ogilvie_imperial_dictionary_1863_cps_sentences_ready_v1.jsonl"
"C0605"	"F02.jsonl"	"CPS_JSONL"	"C:\OCRWork\WORKROOTS\ogilvie_imperial_dictionary_1863\derived\ogilvie_imperial_dictionary_1863_cps_sentences_v1.jsonl"
"C0606"	"F01.jsonl"	"READY_CPS_JSONL"	"C:\OCRWork\WORKROOTS\ogilvie_imperial_dictionary_1871\derived\ogilvie_imperial_dictionary_1871_cps_sentences_ready_v1.jsonl"
"C0606"	"F02.jsonl"	"CPS_JSONL"	"C:\OCRWork\WORKROOTS\ogilvie_imperial_dictionary_1871\derived\ogilvie_imperial_dictionary_1871_cps_sentences_v1.jsonl"
"C0607"	"F01.jsonl"	"READY_CPS_JSONL"	"C:\OCRWork\WORKROOTS\ogilvie_imperial_dictionary_1885\derived\ogilvie_imperial_dictionary_1885_cps_sentences_ready_v1.jsonl"
"C0607"	"F02.jsonl"	"CPS_JSONL"	"C:\OCRWork\WORKROOTS\ogilvie_imperial_dictionary_1885\derived\ogilvie_imperial_dictionary_1885_cps_sentences_v1.jsonl"
"C0608"	"F01.jsonl"	"READY_CPS_JSONL"	"C:\OCRWork\WORKROOTS\ogilvie_imperial_dictionary_1898\derived\ogilvie_imperial_dictionary_1898_cps_sentences_ready_v1.jsonl"
"C0608"	"F02.jsonl"	"CPS_JSONL"	"C:\OCRWork\WORKROOTS\ogilvie_imperial_dictionary_1898\derived\ogilvie_imperial_dictionary_1898_cps_sentences_v1.jsonl"
"C0609"	"F01.jsonl"	"READY_CPS_JSONL"	"C:\OCRWork\WORKROOTS\ogilvie_imperial_dictionary_revised\derived\ogilvie_imperial_dictionary_revised_cps_sentences_ready_v1.jsonl"
"C0609"	"F02.jsonl"	"CPS_JSONL"	"C:\OCRWork\WORKROOTS\ogilvie_imperial_dictionary_revised\derived\ogilvie_imperial_dictionary_revised_cps_sentences_v1.jsonl"
"C0610"	"F01.jsonl"	"READY_CPS_JSONL"	"C:\OCRWork\WORKROOTS\one_who_goes_everywhere_the_ubiquarian_s_diction_74dc2fe8\derived\one_who_goes_everywhere_the_ubiquarian_s_diction_74dc2fe8_cps_sentences_ready_v1.jsonl"
"C0610"	"F02.jsonl"	"CPS_JSONL"	"C:\OCRWork\WORKROOTS\one_who_goes_everywhere_the_ubiquarian_s_diction_74dc2fe8\derived\one_who_goes_everywhere_the_ubiquarian_s_diction_74dc2fe8_cps_sentences_v1.jsonl"
"C0611"	"F01.jsonl"	"READY_CPS_JSONL"	"C:\OCRWork\WORKROOTS\oxford_latin_dictionary_glare_p_g_w_1968_clarend_ace24c68\derived\oxford_latin_dictionary_glare_p_g_w_1968_clarend_ace24c68_cps_sentences_ready_v1.jsonl"
"C0611"	"F02.jsonl"	"CPS_JSONL"	"C:\OCRWork\WORKROOTS\oxford_latin_dictionary_glare_p_g_w_1968_clarend_ace24c68\derived\oxford_latin_dictionary_glare_p_g_w_1968_clarend_ace24c68_cps_sentences_v1.jsonl"
"C0612"	"F01.jsonl"	"READY_CPS_JSONL"	"C:\OCRWork\WORKROOTS\philip_dru_administrator_a_story_of_tomorrow_192_9abe9c39\derived\philip_dru_administrator_a_story_of_tomorrow_192_9abe9c39_cps_sentences_ready_v1.jsonl"
"C0612"	"F02.jsonl"	"CPS_JSONL"	"C:\OCRWork\WORKROOTS\philip_dru_administrator_a_story_of_tomorrow_192_9abe9c39\derived\philip_dru_administrator_a_story_of_tomorrow_192_9abe9c39_cps_sentences_v1.jsonl"
"C0613"	"F01.jsonl"	"READY_CPS_JSONL"	"C:\OCRWork\WORKROOTS\picturesque_word_origins_with_forty_five_illustr_a687e98d\derived\picturesque_word_origins_with_forty_five_illustr_a687e98d_cps_sentences_ready_v1.jsonl"
"C0613"	"F02.jsonl"	"CPS_JSONL"	"C:\OCRWork\WORKROOTS\picturesque_word_origins_with_forty_five_illustr_a687e98d\derived\picturesque_word_origins_with_forty_five_illustr_a687e98d_cps_sentences_v1.jsonl"
"C0614"	"F01.jsonl"	"READY_CPS_JSONL"	"C:\OCRWork\WORKROOTS\political_philosophy_the_us_constitution_allan_b_fdc916a8\derived\political_philosophy_the_us_constitution_allan_b_fdc916a8_cps_sentences_ready_v1.jsonl"
"C0614"	"F02.jsonl"	"CPS_JSONL"	"C:\OCRWork\WORKROOTS\political_philosophy_the_us_constitution_allan_b_fdc916a8\derived\political_philosophy_the_us_constitution_allan_b_fdc916a8_cps_sentences_v1.jsonl"
"C0615"	"F01.jsonl"	"READY_CPS_JSONL"	"C:\OCRWork\WORKROOTS\quick_reference_dictionary_for_athletic_training_696f6e81\derived\quick_reference_dictionary_for_athletic_training_696f6e81_cps_sentences_ready_v1.jsonl"
"C0615"	"F02.jsonl"	"CPS_JSONL"	"C:\OCRWork\WORKROOTS\quick_reference_dictionary_for_athletic_training_696f6e81\derived\quick_reference_dictionary_for_athletic_training_696f6e81_cps_sentences_v1.jsonl"
"C0616"	"F01.jsonl"	"READY_CPS_JSONL"	"C:\OCRWork\WORKROOTS\quick_reference_dictionary_for_physical_therapy_7c5a56f2\derived\quick_reference_dictionary_for_physical_therapy_7c5a56f2_cps_sentences_ready_v1.jsonl"
"C0616"	"F02.jsonl"	"CPS_JSONL"	"C:\OCRWork\WORKROOTS\quick_reference_dictionary_for_physical_therapy_7c5a56f2\derived\quick_reference_dictionary_for_physical_therapy_7c5a56f2_cps_sentences_v1.jsonl"
"C0617"	"F01.jsonl"	"READY_CPS_JSONL"	"C:\OCRWork\WORKROOTS\radiological_sciences_dictionary_keywords_names_7912a5ba\derived\radiological_sciences_dictionary_keywords_names_7912a5ba_cps_sentences_ready_v1.jsonl"
"C0617"	"F02.jsonl"	"CPS_JSONL"	"C:\OCRWork\WORKROOTS\radiological_sciences_dictionary_keywords_names_7912a5ba\derived\radiological_sciences_dictionary_keywords_names_7912a5ba_cps_sentences_v1.jsonl"
"C0618"	"F01.jsonl"	"READY_CPS_JSONL"	"C:\OCRWork\WORKROOTS\reverse_acronyms_initialisms_abbreviations_dicti_25142162\derived\reverse_acronyms_initialisms_abbreviations_dicti_25142162_cps_sentences_ready_v1.jsonl"
"C0618"	"F02.jsonl"	"CPS_JSONL"	"C:\OCRWork\WORKROOTS\reverse_acronyms_initialisms_abbreviations_dicti_25142162\derived\reverse_acronyms_initialisms_abbreviations_dicti_25142162_cps_sentences_v1.jsonl"
"C0619"	"F01.jsonl"	"READY_CPS_JSONL"	"C:\OCRWork\WORKROOTS\reverse_acronyms_initialisms_abbreviations_dicti_bb1135c1\derived\reverse_acronyms_initialisms_abbreviations_dicti_bb1135c1_cps_sentences_ready_v1.jsonl"
"C0619"	"F02.jsonl"	"CPS_JSONL"	"C:\OCRWork\WORKROOTS\reverse_acronyms_initialisms_abbreviations_dicti_bb1135c1\derived\reverse_acronyms_initialisms_abbreviations_dicti_bb1135c1_cps_sentences_v1.jsonl"
"C0620"	"F01.jsonl"	"READY_CPS_JSONL"	"C:\OCRWork\WORKROOTS\rules_for_radicals_a_practical_primer_for_realis_19c37485\derived\rules_for_radicals_a_practical_primer_for_realis_19c37485_cps_sentences_ready_v1.jsonl"
"C0620"	"F02.jsonl"	"CPS_JSONL"	"C:\OCRWork\WORKROOTS\rules_for_radicals_a_practical_primer_for_realis_19c37485\derived\rules_for_radicals_a_practical_primer_for_realis_19c37485_cps_sentences_v1.jsonl"
"C0621"	"F01.jsonl"	"READY_CPS_JSONL"	"C:\OCRWork\WORKROOTS\rules_for_radicals_a_pragmatic_primer_for_realis_030e7c2b\derived\rules_for_radicals_a_pragmatic_primer_for_realis_030e7c2b_cps_sentences_ready_v1.jsonl"
"C0621"	"F02.jsonl"	"CPS_JSONL"	"C:\OCRWork\WORKROOTS\rules_for_radicals_a_pragmatic_primer_for_realis_030e7c2b\derived\rules_for_radicals_a_pragmatic_primer_for_realis_030e7c2b_cps_sentences_v1.jsonl"
"C0622"	"F01.jsonl"	"READY_CPS_JSONL"	"C:\OCRWork\WORKROOTS\soule_s_dictionary_of_english_synonyms_unknown_b_0469adef\derived\soule_s_dictionary_of_english_synonyms_unknown_b_0469adef_cps_sentences_ready_v1.jsonl"
"C0622"	"F02.jsonl"	"CPS_JSONL"	"C:\OCRWork\WORKROOTS\soule_s_dictionary_of_english_synonyms_unknown_b_0469adef\derived\soule_s_dictionary_of_english_synonyms_unknown_b_0469adef_cps_sentences_v1.jsonl"
"C0623"	"F01.jsonl"	"READY_CPS_JSONL"	"C:\OCRWork\WORKROOTS\stedman_s_medical_dictionary_for_the_health_prof_a67f6745\derived\stedman_s_medical_dictionary_for_the_health_prof_a67f6745_cps_sentences_ready_v1.jsonl"
"C0623"	"F02.jsonl"	"CPS_JSONL"	"C:\OCRWork\WORKROOTS\stedman_s_medical_dictionary_for_the_health_prof_a67f6745\derived\stedman_s_medical_dictionary_for_the_health_prof_a67f6745_cps_sentences_v1.jsonl"
"C0624"	"F01.jsonl"	"READY_CPS_JSONL"	"C:\OCRWork\WORKROOTS\strategy_a_history_freedman_sir_lawrence_oxford_c69ee65f\derived\strategy_a_history_freedman_sir_lawrence_oxford_c69ee65f_cps_sentences_ready_v1.jsonl"
"C0624"	"F02.jsonl"	"CPS_JSONL"	"C:\OCRWork\WORKROOTS\strategy_a_history_freedman_sir_lawrence_oxford_c69ee65f\derived\strategy_a_history_freedman_sir_lawrence_oxford_c69ee65f_cps_sentences_v1.jsonl"
"C0625"	"F01.jsonl"	"READY_CPS_JSONL"	"C:\OCRWork\WORKROOTS\summa_theologica_st_thomas_aquinas_volume_3_1948_dbd87171\derived\summa_theologica_st_thomas_aquinas_volume_3_1948_dbd87171_cps_sentences_ready_v1.jsonl"
"C0625"	"F02.jsonl"	"CPS_JSONL"	"C:\OCRWork\WORKROOTS\summa_theologica_st_thomas_aquinas_volume_3_1948_dbd87171\derived\summa_theologica_st_thomas_aquinas_volume_3_1948_dbd87171_cps_sentences_v1.jsonl"
"C0626"	"F01.jsonl"	"READY_CPS_JSONL"	"C:\OCRWork\WORKROOTS\terrorism_and_the_limitation_of_rights_the_echr_1c842a3e\derived\terrorism_and_the_limitation_of_rights_the_echr_1c842a3e_cps_sentences_ready_v1.jsonl"
"C0626"	"F02.jsonl"	"CPS_JSONL"	"C:\OCRWork\WORKROOTS\terrorism_and_the_limitation_of_rights_the_echr_1c842a3e\derived\terrorism_and_the_limitation_of_rights_the_echr_1c842a3e_cps_sentences_v1.jsonl"
"C0627"	"F01.jsonl"	"READY_CPS_JSONL"	"C:\OCRWork\WORKROOTS\the_advanced_learner_s_dictionary_of_current_eng_6ddddf30\derived\the_advanced_learner_s_dictionary_of_current_eng_6ddddf30_cps_sentences_ready_v1.jsonl"
"C0627"	"F02.jsonl"	"CPS_JSONL"	"C:\OCRWork\WORKROOTS\the_advanced_learner_s_dictionary_of_current_eng_6ddddf30\derived\the_advanced_learner_s_dictionary_of_current_eng_6ddddf30_cps_sentences_v1.jsonl"
"C0628"	"F01.jsonl"	"READY_CPS_JSONL"	"C:\OCRWork\WORKROOTS\the_american_heritage_medical_dictionary_america_b39f000b\derived\the_american_heritage_medical_dictionary_america_b39f000b_cps_sentences_ready_v1.jsonl"
"C0628"	"F02.jsonl"	"CPS_JSONL"	"C:\OCRWork\WORKROOTS\the_american_heritage_medical_dictionary_america_b39f000b\derived\the_american_heritage_medical_dictionary_america_b39f000b_cps_sentences_v1.jsonl"
"C0629"	"F01.jsonl"	"READY_CPS_JSONL"	"C:\OCRWork\WORKROOTS\the_american_illustrated_medical_dictionary_a_co_27907f64\derived\the_american_illustrated_medical_dictionary_a_co_27907f64_cps_sentences_ready_v1.jsonl"
"C0629"	"F02.jsonl"	"CPS_JSONL"	"C:\OCRWork\WORKROOTS\the_american_illustrated_medical_dictionary_a_co_27907f64\derived\the_american_illustrated_medical_dictionary_a_co_27907f64_cps_sentences_v1.jsonl"
"C0630"	"F01.jsonl"	"READY_CPS_JSONL"	"C:\OCRWork\WORKROOTS\the_angel_and_the_machine_the_rational_psycholog_83dfe57e\derived\the_angel_and_the_machine_the_rational_psycholog_83dfe57e_cps_sentences_ready_v1.jsonl"
"C0630"	"F02.jsonl"	"CPS_JSONL"	"C:\OCRWork\WORKROOTS\the_angel_and_the_machine_the_rational_psycholog_83dfe57e\derived\the_angel_and_the_machine_the_rational_psycholog_83dfe57e_cps_sentences_v1.jsonl"
"C0631"	"F01.jsonl"	"READY_CPS_JSONL"	"C:\OCRWork\WORKROOTS\the_anti_federalist_papers_and_the_constitutiona_e4e205fc\derived\the_anti_federalist_papers_and_the_constitutiona_e4e205fc_cps_sentences_ready_v1.jsonl"
"C0631"	"F02.jsonl"	"CPS_JSONL"	"C:\OCRWork\WORKROOTS\the_anti_federalist_papers_and_the_constitutiona_e4e205fc\derived\the_anti_federalist_papers_and_the_constitutiona_e4e205fc_cps_sentences_v1.jsonl"
"C0632"	"F01.jsonl"	"READY_CPS_JSONL"	"C:\OCRWork\WORKROOTS\the_concise_dictionary_of_the_christian_traditio_7def14d8\derived\the_concise_dictionary_of_the_christian_traditio_7def14d8_cps_sentences_ready_v1.jsonl"
"C0632"	"F02.jsonl"	"CPS_JSONL"	"C:\OCRWork\WORKROOTS\the_concise_dictionary_of_the_christian_traditio_7def14d8\derived\the_concise_dictionary_of_the_christian_traditio_7def14d8_cps_sentences_v1.jsonl"
"C0633"	"F01.jsonl"	"READY_CPS_JSONL"	"C:\OCRWork\WORKROOTS\the_concise_dictionary_of_world_place_names_john_5439db35\derived\the_concise_dictionary_of_world_place_names_john_5439db35_cps_sentences_ready_v1.jsonl"
"C0633"	"F02.jsonl"	"CPS_JSONL"	"C:\OCRWork\WORKROOTS\the_concise_dictionary_of_world_place_names_john_5439db35\derived\the_concise_dictionary_of_world_place_names_john_5439db35_cps_sentences_v1.jsonl"
"C0634"	"F01.jsonl"	"READY_CPS_JSONL"	"C:\OCRWork\WORKROOTS\the_concise_oxford_dictionary_of_art_and_artists_f32ca51b\derived\the_concise_oxford_dictionary_of_art_and_artists_f32ca51b_cps_sentences_ready_v1.jsonl"
"C0634"	"F02.jsonl"	"CPS_JSONL"	"C:\OCRWork\WORKROOTS\the_concise_oxford_dictionary_of_art_and_artists_f32ca51b\derived\the_concise_oxford_dictionary_of_art_and_artists_f32ca51b_cps_sentences_v1.jsonl"
"C0635"	"F01.jsonl"	"READY_CPS_JSONL"	"C:\OCRWork\WORKROOTS\the_cramer_krasselt_cultural_dictionary_429a337c_f8fa78d1\derived\the_cramer_krasselt_cultural_dictionary_429a337c_f8fa78d1_cps_sentences_ready_v1.jsonl"
"C0635"	"F02.jsonl"	"CPS_JSONL"	"C:\OCRWork\WORKROOTS\the_cramer_krasselt_cultural_dictionary_429a337c_f8fa78d1\derived\the_cramer_krasselt_cultural_dictionary_429a337c_f8fa78d1_cps_sentences_v1.jsonl"
"C0636"	"F01.jsonl"	"READY_CPS_JSONL"	"C:\OCRWork\WORKROOTS\the_declaration_of_independence_of_the_united_st_86d7ad71\derived\the_declaration_of_independence_of_the_united_st_86d7ad71_cps_sentences_ready_v1.jsonl"
"C0636"	"F02.jsonl"	"CPS_JSONL"	"C:\OCRWork\WORKROOTS\the_declaration_of_independence_of_the_united_st_86d7ad71\derived\the_declaration_of_independence_of_the_united_st_86d7ad71_cps_sentences_v1.jsonl"
"C0637"	"F01.jsonl"	"READY_CPS_JSONL"	"C:\OCRWork\WORKROOTS\the_destruction_of_convoy_pq17_irving_david_1968_1941c82e\derived\the_destruction_of_convoy_pq17_irving_david_1968_1941c82e_cps_sentences_ready_v1.jsonl"
"C0637"	"F02.jsonl"	"CPS_JSONL"	"C:\OCRWork\WORKROOTS\the_destruction_of_convoy_pq17_irving_david_1968_1941c82e\derived\the_destruction_of_convoy_pq17_irving_david_1968_1941c82e_cps_sentences_v1.jsonl"
"C0638"	"F01.jsonl"	"READY_CPS_JSONL"	"C:\OCRWork\WORKROOTS\the_destruction_of_dresden_david_irving_2005_dev_1d2aeceb\derived\the_destruction_of_dresden_david_irving_2005_dev_1d2aeceb_cps_sentences_ready_v1.jsonl"
"C0638"	"F02.jsonl"	"CPS_JSONL"	"C:\OCRWork\WORKROOTS\the_destruction_of_dresden_david_irving_2005_dev_1d2aeceb\derived\the_destruction_of_dresden_david_irving_2005_dev_1d2aeceb_cps_sentences_v1.jsonl"
"C0639"	"F01.jsonl"	"READY_CPS_JSONL"	"C:\OCRWork\WORKROOTS\the_dictionary_of_early_american_philosophers_sh_33e75b8d\derived\the_dictionary_of_early_american_philosophers_sh_33e75b8d_cps_sentences_ready_v1.jsonl"
"C0639"	"F02.jsonl"	"CPS_JSONL"	"C:\OCRWork\WORKROOTS\the_dictionary_of_early_american_philosophers_sh_33e75b8d\derived\the_dictionary_of_early_american_philosophers_sh_33e75b8d_cps_sentences_v1.jsonl"
"C0640"	"F01.jsonl"	"READY_CPS_JSONL"	"C:\OCRWork\WORKROOTS\the_dictionary_of_health_education_bedworth_davi_1d5cfe89\derived\the_dictionary_of_health_education_bedworth_davi_1d5cfe89_cps_sentences_ready_v1.jsonl"
"C0640"	"F02.jsonl"	"CPS_JSONL"	"C:\OCRWork\WORKROOTS\the_dictionary_of_health_education_bedworth_davi_1d5cfe89\derived\the_dictionary_of_health_education_bedworth_davi_1d5cfe89_cps_sentences_v1.jsonl"
"C0641"	"F01.jsonl"	"READY_CPS_JSONL"	"C:\OCRWork\WORKROOTS\the_dictionary_of_historical_theology_trevor_har_6744de02\derived\the_dictionary_of_historical_theology_trevor_har_6744de02_cps_sentences_ready_v1.jsonl"
"C0641"	"F02.jsonl"	"CPS_JSONL"	"C:\OCRWork\WORKROOTS\the_dictionary_of_historical_theology_trevor_har_6744de02\derived\the_dictionary_of_historical_theology_trevor_har_6744de02_cps_sentences_v1.jsonl"
"C0642"	"F01.jsonl"	"READY_CPS_JSONL"	"C:\OCRWork\WORKROOTS\the_dictionary_of_mythology_an_a_z_of_themes_leg_302a2af7\derived\the_dictionary_of_mythology_an_a_z_of_themes_leg_302a2af7_cps_sentences_ready_v1.jsonl"
"C0642"	"F02.jsonl"	"CPS_JSONL"	"C:\OCRWork\WORKROOTS\the_dictionary_of_mythology_an_a_z_of_themes_leg_302a2af7\derived\the_dictionary_of_mythology_an_a_z_of_themes_leg_302a2af7_cps_sentences_v1.jsonl"
"C0643"	"F01.jsonl"	"READY_CPS_JSONL"	"C:\OCRWork\WORKROOTS\the_dictionary_of_needlework_vol_vi_6_tat_to_zul_e354a5e2\derived\the_dictionary_of_needlework_vol_vi_6_tat_to_zul_e354a5e2_cps_sentences_ready_v1.jsonl"
"C0643"	"F02.jsonl"	"CPS_JSONL"	"C:\OCRWork\WORKROOTS\the_dictionary_of_needlework_vol_vi_6_tat_to_zul_e354a5e2\derived\the_dictionary_of_needlework_vol_vi_6_tat_to_zul_e354a5e2_cps_sentences_v1.jsonl"
"C0644"	"F01.jsonl"	"READY_CPS_JSONL"	"C:\OCRWork\WORKROOTS\the_dictionary_of_obscure_sorrows_john_koenig_20_d2a9eeea\derived\the_dictionary_of_obscure_sorrows_john_koenig_20_d2a9eeea_cps_sentences_ready_v1.jsonl"
"C0644"	"F02.jsonl"	"CPS_JSONL"	"C:\OCRWork\WORKROOTS\the_dictionary_of_obscure_sorrows_john_koenig_20_d2a9eeea\derived\the_dictionary_of_obscure_sorrows_john_koenig_20_d2a9eeea_cps_sentences_v1.jsonl"
"C0645"	"F01.jsonl"	"READY_CPS_JSONL"	"C:\OCRWork\WORKROOTS\the_dictionary_of_science_for_gardeners_6000_sci_c00f954b\derived\the_dictionary_of_science_for_gardeners_6000_sci_c00f954b_cps_sentences_ready_v1.jsonl"
"C0645"	"F02.jsonl"	"CPS_JSONL"	"C:\OCRWork\WORKROOTS\the_dictionary_of_science_for_gardeners_6000_sci_c00f954b\derived\the_dictionary_of_science_for_gardeners_6000_sci_c00f954b_cps_sentences_v1.jsonl"
"C0646"	"F01.jsonl"	"READY_CPS_JSONL"	"C:\OCRWork\WORKROOTS\the_documents_of_vatican_ii_second_vatican_counc_aebe1717\derived\the_documents_of_vatican_ii_second_vatican_counc_aebe1717_cps_sentences_ready_v1.jsonl"
"C0646"	"F02.jsonl"	"CPS_JSONL"	"C:\OCRWork\WORKROOTS\the_documents_of_vatican_ii_second_vatican_counc_aebe1717\derived\the_documents_of_vatican_ii_second_vatican_counc_aebe1717_cps_sentences_v1.jsonl"
"C0647"	"F01.jsonl"	"READY_CPS_JSONL"	"C:\OCRWork\WORKROOTS\the_english_constitution_walter_bagehot_1963_cox_b89a30a0\derived\the_english_constitution_walter_bagehot_1963_cox_b89a30a0_cps_sentences_ready_v1.jsonl"
"C0647"	"F02.jsonl"	"CPS_JSONL"	"C:\OCRWork\WORKROOTS\the_english_constitution_walter_bagehot_1963_cox_b89a30a0\derived\the_english_constitution_walter_bagehot_1963_cox_b89a30a0_cps_sentences_v1.jsonl"
"C0648"	"F01.jsonl"	"READY_CPS_JSONL"	"C:\OCRWork\WORKROOTS\the_english_dialect_dictionary_volume_v_r_s_wrig_a70e09c3\derived\the_english_dialect_dictionary_volume_v_r_s_wrig_a70e09c3_cps_sentences_ready_v1.jsonl"
"C0648"	"F02.jsonl"	"CPS_JSONL"	"C:\OCRWork\WORKROOTS\the_english_dialect_dictionary_volume_v_r_s_wrig_a70e09c3\derived\the_english_dialect_dictionary_volume_v_r_s_wrig_a70e09c3_cps_sentences_v1.jsonl"
"C0649"	"F01.jsonl"	"READY_CPS_JSONL"	"C:\OCRWork\WORKROOTS\the_evolution_of_civilizations_an_introduction_t_d03aa02e\derived\the_evolution_of_civilizations_an_introduction_t_d03aa02e_cps_sentences_ready_v1.jsonl"
"C0649"	"F02.jsonl"	"CPS_JSONL"	"C:\OCRWork\WORKROOTS\the_evolution_of_civilizations_an_introduction_t_d03aa02e\derived\the_evolution_of_civilizations_an_introduction_t_d03aa02e_cps_sentences_v1.jsonl"
"C0650"	"F01.jsonl"	"READY_CPS_JSONL"	"C:\OCRWork\WORKROOTS\the_facts_on_file_dictionary_of_astronomy_facts_ee59d521\derived\the_facts_on_file_dictionary_of_astronomy_facts_ee59d521_cps_sentences_ready_v1.jsonl"
"C0650"	"F02.jsonl"	"CPS_JSONL"	"C:\OCRWork\WORKROOTS\the_facts_on_file_dictionary_of_astronomy_facts_ee59d521\derived\the_facts_on_file_dictionary_of_astronomy_facts_ee59d521_cps_sentences_v1.jsonl"
"C0651"	"F01.jsonl"	"READY_CPS_JSONL"	"C:\OCRWork\WORKROOTS\the_federalist_papers_alexander_hamilton_james_m_27b78741\derived\the_federalist_papers_alexander_hamilton_james_m_27b78741_cps_sentences_ready_v1.jsonl"
"C0651"	"F02.jsonl"	"CPS_JSONL"	"C:\OCRWork\WORKROOTS\the_federalist_papers_alexander_hamilton_james_m_27b78741\derived\the_federalist_papers_alexander_hamilton_james_m_27b78741_cps_sentences_v1.jsonl"
"C0652"	"F01.jsonl"	"READY_CPS_JSONL"	"C:\OCRWork\WORKROOTS\the_federalist_papers_and_the_new_institutionali_1da700b6\derived\the_federalist_papers_and_the_new_institutionali_1da700b6_cps_sentences_ready_v1.jsonl"
"C0652"	"F02.jsonl"	"CPS_JSONL"	"C:\OCRWork\WORKROOTS\the_federalist_papers_and_the_new_institutionali_1da700b6\derived\the_federalist_papers_and_the_new_institutionali_1da700b6_cps_sentences_v1.jsonl"
"C0653"	"F01.jsonl"	"READY_CPS_JSONL"	"C:\OCRWork\WORKROOTS\the_federalist_papers_collection_of_85_articles_caef8655\derived\the_federalist_papers_collection_of_85_articles_caef8655_cps_sentences_ready_v1.jsonl"
"C0653"	"F02.jsonl"	"CPS_JSONL"	"C:\OCRWork\WORKROOTS\the_federalist_papers_collection_of_85_articles_caef8655\derived\the_federalist_papers_collection_of_85_articles_caef8655_cps_sentences_v1.jsonl"
"C0654"	"F01.jsonl"	"READY_CPS_JSONL"	"C:\OCRWork\WORKROOTS\the_federalist_papers_reader_and_historical_docu_8d88c1dd\derived\the_federalist_papers_reader_and_historical_docu_8d88c1dd_cps_sentences_ready_v1.jsonl"
"C0654"	"F02.jsonl"	"CPS_JSONL"	"C:\OCRWork\WORKROOTS\the_federalist_papers_reader_and_historical_docu_8d88c1dd\derived\the_federalist_papers_reader_and_historical_docu_8d88c1dd_cps_sentences_v1.jsonl"
"C0655"	"F01.jsonl"	"READY_CPS_JSONL"	"C:\OCRWork\WORKROOTS\the_german_atomic_bomb_david_irving_1967_simon_a_6d88e93f\derived\the_german_atomic_bomb_david_irving_1967_simon_a_6d88e93f_cps_sentences_ready_v1.jsonl"
"C0655"	"F02.jsonl"	"CPS_JSONL"	"C:\OCRWork\WORKROOTS\the_german_atomic_bomb_david_irving_1967_simon_a_6d88e93f\derived\the_german_atomic_bomb_david_irving_1967_simon_a_6d88e93f_cps_sentences_v1.jsonl"
"C0656"	"F01.jsonl"	"READY_CPS_JSONL"	"C:\OCRWork\WORKROOTS\the_great_transformation_the_beginning_of_our_re_8f2b1d8e\derived\the_great_transformation_the_beginning_of_our_re_8f2b1d8e_cps_sentences_ready_v1.jsonl"
"C0656"	"F02.jsonl"	"CPS_JSONL"	"C:\OCRWork\WORKROOTS\the_great_transformation_the_beginning_of_our_re_8f2b1d8e\derived\the_great_transformation_the_beginning_of_our_re_8f2b1d8e_cps_sentences_v1.jsonl"
"C0657"	"F01.jsonl"	"READY_CPS_JSONL"	"C:\OCRWork\WORKROOTS\the_harper_collins_dictionary_of_philosophy_pete_a90568b3\derived\the_harper_collins_dictionary_of_philosophy_pete_a90568b3_cps_sentences_ready_v1.jsonl"
"C0657"	"F02.jsonl"	"CPS_JSONL"	"C:\OCRWork\WORKROOTS\the_harper_collins_dictionary_of_philosophy_pete_a90568b3\derived\the_harper_collins_dictionary_of_philosophy_pete_a90568b3_cps_sentences_v1.jsonl"
"C0658"	"F01.jsonl"	"READY_CPS_JSONL"	"C:\OCRWork\WORKROOTS\the_heidegger_dictionary_dahlstrom_daniel_o_2012_c9c7edd9\derived\the_heidegger_dictionary_dahlstrom_daniel_o_2012_c9c7edd9_cps_sentences_ready_v1.jsonl"
"C0658"	"F02.jsonl"	"CPS_JSONL"	"C:\OCRWork\WORKROOTS\the_heidegger_dictionary_dahlstrom_daniel_o_2012_c9c7edd9\derived\the_heidegger_dictionary_dahlstrom_daniel_o_2012_c9c7edd9_cps_sentences_v1.jsonl"
"C0659"	"F01.jsonl"	"READY_CPS_JSONL"	"C:\OCRWork\WORKROOTS\the_imperial_dictionary_english_technological_an_2e0f2563\derived\the_imperial_dictionary_english_technological_an_2e0f2563_cps_sentences_ready_v1.jsonl"
"C0659"	"F02.jsonl"	"CPS_JSONL"	"C:\OCRWork\WORKROOTS\the_imperial_dictionary_english_technological_an_2e0f2563\derived\the_imperial_dictionary_english_technological_an_2e0f2563_cps_sentences_v1.jsonl"
"C0660"	"F01.jsonl"	"READY_CPS_JSONL"	"C:\OCRWork\WORKROOTS\the_imperial_dictionary_english_technological_an_803989f1\derived\the_imperial_dictionary_english_technological_an_803989f1_cps_sentences_ready_v1.jsonl"
"C0660"	"F02.jsonl"	"CPS_JSONL"	"C:\OCRWork\WORKROOTS\the_imperial_dictionary_english_technological_an_803989f1\derived\the_imperial_dictionary_english_technological_an_803989f1_cps_sentences_v1.jsonl"
"C0661"	"F01.jsonl"	"READY_CPS_JSONL"	"C:\OCRWork\WORKROOTS\the_imperial_dictionary_english_technological_an_9f72ff9d\derived\the_imperial_dictionary_english_technological_an_9f72ff9d_cps_sentences_ready_v1.jsonl"
"C0661"	"F02.jsonl"	"CPS_JSONL"	"C:\OCRWork\WORKROOTS\the_imperial_dictionary_english_technological_an_9f72ff9d\derived\the_imperial_dictionary_english_technological_an_9f72ff9d_cps_sentences_v1.jsonl"
"C0662"	"F01.jsonl"	"READY_CPS_JSONL"	"C:\OCRWork\WORKROOTS\the_imperial_dictionary_of_the_english_language__f97c931b\derived\the_imperial_dictionary_of_the_english_language__f97c931b_cps_sentences_ready_v1.jsonl"
"C0662"	"F02.jsonl"	"CPS_JSONL"	"C:\OCRWork\WORKROOTS\the_imperial_dictionary_of_the_english_language__f97c931b\derived\the_imperial_dictionary_of_the_english_language__f97c931b_cps_sentences_v1.jsonl"
"C0663"	"F01.jsonl"	"READY_CPS_JSONL"	"C:\OCRWork\WORKROOTS\the_international_dictionary_of_applied_mathemat_232cd898\derived\the_international_dictionary_of_applied_mathemat_232cd898_cps_sentences_ready_v1.jsonl"
"C0663"	"F02.jsonl"	"CPS_JSONL"	"C:\OCRWork\WORKROOTS\the_international_dictionary_of_applied_mathemat_232cd898\derived\the_international_dictionary_of_applied_mathemat_232cd898_cps_sentences_v1.jsonl"
"C0664"	"F01.jsonl"	"READY_CPS_JSONL"	"C:\OCRWork\WORKROOTS\the_jewish_revolutionary_spirit_and_its_impact_o_71f4d81e\derived\the_jewish_revolutionary_spirit_and_its_impact_o_71f4d81e_cps_sentences_ready_v1.jsonl"
"C0664"	"F02.jsonl"	"CPS_JSONL"	"C:\OCRWork\WORKROOTS\the_jewish_revolutionary_spirit_and_its_impact_o_71f4d81e\derived\the_jewish_revolutionary_spirit_and_its_impact_o_71f4d81e_cps_sentences_v1.jsonl"
"C0665"	"F01.jsonl"	"READY_CPS_JSONL"	"C:\OCRWork\WORKROOTS\the_man_behind_the_curtain_michael_voris_and_the_73f265ba\derived\the_man_behind_the_curtain_michael_voris_and_the_73f265ba_cps_sentences_ready_v1.jsonl"
"C0665"	"F02.jsonl"	"CPS_JSONL"	"C:\OCRWork\WORKROOTS\the_man_behind_the_curtain_michael_voris_and_the_73f265ba\derived\the_man_behind_the_curtain_michael_voris_and_the_73f265ba_cps_sentences_v1.jsonl"
"C0666"	"F01.jsonl"	"READY_CPS_JSONL"	"C:\OCRWork\WORKROOTS\the_mare_s_nest_the_war_against_hitlers_secret_v_ced2ebca\derived\the_mare_s_nest_the_war_against_hitlers_secret_v_ced2ebca_cps_sentences_ready_v1.jsonl"
"C0666"	"F02.jsonl"	"CPS_JSONL"	"C:\OCRWork\WORKROOTS\the_mare_s_nest_the_war_against_hitlers_secret_v_ced2ebca\derived\the_mare_s_nest_the_war_against_hitlers_secret_v_ced2ebca_cps_sentences_v1.jsonl"
"C0667"	"F01.jsonl"	"READY_CPS_JSONL"	"C:\OCRWork\WORKROOTS\the_medjugorje_deception_queen_of_peace_ethnic_c_b74404fa\derived\the_medjugorje_deception_queen_of_peace_ethnic_c_b74404fa_cps_sentences_ready_v1.jsonl"
"C0667"	"F02.jsonl"	"CPS_JSONL"	"C:\OCRWork\WORKROOTS\the_medjugorje_deception_queen_of_peace_ethnic_c_b74404fa\derived\the_medjugorje_deception_queen_of_peace_ethnic_c_b74404fa_cps_sentences_v1.jsonl"
"C0668"	"F01.jsonl"	"READY_CPS_JSONL"	"C:\OCRWork\WORKROOTS\the_memoirs_of_field_marshal_keitel_wilhelm_keit_17763a77\derived\the_memoirs_of_field_marshal_keitel_wilhelm_keit_17763a77_cps_sentences_ready_v1.jsonl"
"C0668"	"F02.jsonl"	"CPS_JSONL"	"C:\OCRWork\WORKROOTS\the_memoirs_of_field_marshal_keitel_wilhelm_keit_17763a77\derived\the_memoirs_of_field_marshal_keitel_wilhelm_keit_17763a77_cps_sentences_v1.jsonl"
"C0669"	"F01.jsonl"	"READY_CPS_JSONL"	"C:\OCRWork\WORKROOTS\the_native_american_medical_herbalism_dictionary_d2acc807\derived\the_native_american_medical_herbalism_dictionary_d2acc807_cps_sentences_ready_v1.jsonl"
"C0669"	"F02.jsonl"	"CPS_JSONL"	"C:\OCRWork\WORKROOTS\the_native_american_medical_herbalism_dictionary_d2acc807\derived\the_native_american_medical_herbalism_dictionary_d2acc807_cps_sentences_v1.jsonl"
"C0670"	"F01.jsonl"	"READY_CPS_JSONL"	"C:\OCRWork\WORKROOTS\the_new_century_dictionary_of_the_english_langua_8eb29349\derived\the_new_century_dictionary_of_the_english_langua_8eb29349_cps_sentences_ready_v1.jsonl"
"C0670"	"F02.jsonl"	"CPS_JSONL"	"C:\OCRWork\WORKROOTS\the_new_century_dictionary_of_the_english_langua_8eb29349\derived\the_new_century_dictionary_of_the_english_langua_8eb29349_cps_sentences_v1.jsonl"
"C0671"	"F01.jsonl"	"READY_CPS_JSONL"	"C:\OCRWork\WORKROOTS\the_new_international_webster_s_pocket_medical_f_50fd228c\derived\the_new_international_webster_s_pocket_medical_f_50fd228c_cps_sentences_ready_v1.jsonl"
"C0671"	"F02.jsonl"	"CPS_JSONL"	"C:\OCRWork\WORKROOTS\the_new_international_webster_s_pocket_medical_f_50fd228c\derived\the_new_international_webster_s_pocket_medical_f_50fd228c_cps_sentences_v1.jsonl"
"C0672"	"F01.jsonl"	"READY_CPS_JSONL"	"C:\OCRWork\WORKROOTS\the_other_greeks_the_family_farm_and_the_agraria_3efa7cce\derived\the_other_greeks_the_family_farm_and_the_agraria_3efa7cce_cps_sentences_ready_v1.jsonl"
"C0672"	"F02.jsonl"	"CPS_JSONL"	"C:\OCRWork\WORKROOTS\the_other_greeks_the_family_farm_and_the_agraria_3efa7cce\derived\the_other_greeks_the_family_farm_and_the_agraria_3efa7cce_cps_sentences_v1.jsonl"
"C0673"	"F01.jsonl"	"READY_CPS_JSONL"	"C:\OCRWork\WORKROOTS\the_oxford_combined_dictionary_of_current_englis_5ba4ece0\derived\the_oxford_combined_dictionary_of_current_englis_5ba4ece0_cps_sentences_ready_v1.jsonl"
"C0673"	"F02.jsonl"	"CPS_JSONL"	"C:\OCRWork\WORKROOTS\the_oxford_combined_dictionary_of_current_englis_5ba4ece0\derived\the_oxford_combined_dictionary_of_current_englis_5ba4ece0_cps_sentences_v1.jsonl"
"C0674"	"F01.jsonl"	"READY_CPS_JSONL"	"C:\OCRWork\WORKROOTS\the_oxford_dictionary_of_literary_terms_baldick_56e8eeee\derived\the_oxford_dictionary_of_literary_terms_baldick_56e8eeee_cps_sentences_ready_v1.jsonl"
"C0674"	"F02.jsonl"	"CPS_JSONL"	"C:\OCRWork\WORKROOTS\the_oxford_dictionary_of_literary_terms_baldick_56e8eeee\derived\the_oxford_dictionary_of_literary_terms_baldick_56e8eeee_cps_sentences_v1.jsonl"
"C0675"	"F01.jsonl"	"READY_CPS_JSONL"	"C:\OCRWork\WORKROOTS\the_oxford_dictionary_of_slang_1998_john_ayto_19_412829ba\derived\the_oxford_dictionary_of_slang_1998_john_ayto_19_412829ba_cps_sentences_ready_v1.jsonl"
"C0675"	"F02.jsonl"	"CPS_JSONL"	"C:\OCRWork\WORKROOTS\the_oxford_dictionary_of_slang_1998_john_ayto_19_412829ba\derived\the_oxford_dictionary_of_slang_1998_john_ayto_19_412829ba_cps_sentences_v1.jsonl"
"C0676"	"F01.jsonl"	"READY_CPS_JSONL"	"C:\OCRWork\WORKROOTS\the_oxford_english_dictionary_volume_8_oxford_un_d4e58389\derived\the_oxford_english_dictionary_volume_8_oxford_un_d4e58389_cps_sentences_ready_v1.jsonl"
"C0676"	"F02.jsonl"	"CPS_JSONL"	"C:\OCRWork\WORKROOTS\the_oxford_english_dictionary_volume_8_oxford_un_d4e58389\derived\the_oxford_english_dictionary_volume_8_oxford_un_d4e58389_cps_sentences_v1.jsonl"
"C0677"	"F01.jsonl"	"READY_CPS_JSONL"	"C:\OCRWork\WORKROOTS\the_pan_dictionary_of_famous_quotations_robin_ed_eef40e72\derived\the_pan_dictionary_of_famous_quotations_robin_ed_eef40e72_cps_sentences_ready_v1.jsonl"
"C0677"	"F02.jsonl"	"CPS_JSONL"	"C:\OCRWork\WORKROOTS\the_pan_dictionary_of_famous_quotations_robin_ed_eef40e72\derived\the_pan_dictionary_of_famous_quotations_robin_ed_eef40e72_cps_sentences_v1.jsonl"
"C0678"	"F01.jsonl"	"READY_CPS_JSONL"	"C:\OCRWork\WORKROOTS\the_pelt_report_irving_david_1999_f2d90f0b3cdd16_001b2e71\derived\the_pelt_report_irving_david_1999_f2d90f0b3cdd16_001b2e71_cps_sentences_ready_v1.jsonl"
"C0678"	"F02.jsonl"	"CPS_JSONL"	"C:\OCRWork\WORKROOTS\the_pelt_report_irving_david_1999_f2d90f0b3cdd16_001b2e71\derived\the_pelt_report_irving_david_1999_f2d90f0b3cdd16_001b2e71_cps_sentences_v1.jsonl"
"C0679"	"F01.jsonl"	"READY_CPS_JSONL"	"C:\OCRWork\WORKROOTS\the_penguin_concise_dictionary_of_art_history_na_5bc1e56f\derived\the_penguin_concise_dictionary_of_art_history_na_5bc1e56f_cps_sentences_ready_v1.jsonl"
"C0679"	"F02.jsonl"	"CPS_JSONL"	"C:\OCRWork\WORKROOTS\the_penguin_concise_dictionary_of_art_history_na_5bc1e56f\derived\the_penguin_concise_dictionary_of_art_history_na_5bc1e56f_cps_sentences_v1.jsonl"
"C0680"	"F01.jsonl"	"READY_CPS_JSONL"	"C:\OCRWork\WORKROOTS\the_penguin_dictionary_of_international_relation_1a2658c0\derived\the_penguin_dictionary_of_international_relation_1a2658c0_cps_sentences_ready_v1.jsonl"
"C0680"	"F02.jsonl"	"CPS_JSONL"	"C:\OCRWork\WORKROOTS\the_penguin_dictionary_of_international_relation_1a2658c0\derived\the_penguin_dictionary_of_international_relation_1a2658c0_cps_sentences_v1.jsonl"
"C0681"	"F01.jsonl"	"READY_CPS_JSONL"	"C:\OCRWork\WORKROOTS\the_philokalia_complete_vol_1_5_1_5_g_e_h_palmer_d529565c\derived\the_philokalia_complete_vol_1_5_1_5_g_e_h_palmer_d529565c_cps_sentences_ready_v1.jsonl"
"C0681"	"F02.jsonl"	"CPS_JSONL"	"C:\OCRWork\WORKROOTS\the_philokalia_complete_vol_1_5_1_5_g_e_h_palmer_d529565c\derived\the_philokalia_complete_vol_1_5_1_5_g_e_h_palmer_d529565c_cps_sentences_v1.jsonl"
"C0682"	"F01.jsonl"	"READY_CPS_JSONL"	"C:\OCRWork\WORKROOTS\the_poet_s_manual_and_rhyming_dictionary_based_o_dc4ca9aa\derived\the_poet_s_manual_and_rhyming_dictionary_based_o_dc4ca9aa_cps_sentences_ready_v1.jsonl"
"C0682"	"F02.jsonl"	"CPS_JSONL"	"C:\OCRWork\WORKROOTS\the_poet_s_manual_and_rhyming_dictionary_based_o_dc4ca9aa\derived\the_poet_s_manual_and_rhyming_dictionary_based_o_dc4ca9aa_cps_sentences_v1.jsonl"
"C0683"	"F01.jsonl"	"READY_CPS_JSONL"	"C:\OCRWork\WORKROOTS\the_public_administration_of_the_napoleonic_king_670b1033\derived\the_public_administration_of_the_napoleonic_king_670b1033_cps_sentences_ready_v1.jsonl"
"C0683"	"F02.jsonl"	"CPS_JSONL"	"C:\OCRWork\WORKROOTS\the_public_administration_of_the_napoleonic_king_670b1033\derived\the_public_administration_of_the_napoleonic_king_670b1033_cps_sentences_v1.jsonl"
"C0684"	"F01.jsonl"	"READY_CPS_JSONL"	"C:\OCRWork\WORKROOTS\the_random_house_dictionary_jess_stein_editor_in_1e59e863\derived\the_random_house_dictionary_jess_stein_editor_in_1e59e863_cps_sentences_ready_v1.jsonl"
"C0684"	"F02.jsonl"	"CPS_JSONL"	"C:\OCRWork\WORKROOTS\the_random_house_dictionary_jess_stein_editor_in_1e59e863\derived\the_random_house_dictionary_jess_stein_editor_in_1e59e863_cps_sentences_v1.jsonl"
"C0685"	"F01.jsonl"	"READY_CPS_JSONL"	"C:\OCRWork\WORKROOTS\the_rise_and_fall_of_the_luftwaffe_the_life_of_f_20bc8310\derived\the_rise_and_fall_of_the_luftwaffe_the_life_of_f_20bc8310_cps_sentences_ready_v1.jsonl"
"C0685"	"F02.jsonl"	"CPS_JSONL"	"C:\OCRWork\WORKROOTS\the_rise_and_fall_of_the_luftwaffe_the_life_of_f_20bc8310\derived\the_rise_and_fall_of_the_luftwaffe_the_life_of_f_20bc8310_cps_sentences_v1.jsonl"
"C0686"	"F01.jsonl"	"READY_CPS_JSONL"	"C:\OCRWork\WORKROOTS\the_secret_diaries_of_hitler_s_doctor_irving_dav_85805875\derived\the_secret_diaries_of_hitler_s_doctor_irving_dav_85805875_cps_sentences_ready_v1.jsonl"
"C0686"	"F02.jsonl"	"CPS_JSONL"	"C:\OCRWork\WORKROOTS\the_secret_diaries_of_hitler_s_doctor_irving_dav_85805875\derived\the_secret_diaries_of_hitler_s_doctor_irving_dav_85805875_cps_sentences_v1.jsonl"
"C0687"	"F01.jsonl"	"READY_CPS_JSONL"	"C:\OCRWork\WORKROOTS\the_selfish_gene_40th_anniversary_edition_oxford_d07ee442\derived\the_selfish_gene_40th_anniversary_edition_oxford_d07ee442_cps_sentences_ready_v1.jsonl"
"C0687"	"F02.jsonl"	"CPS_JSONL"	"C:\OCRWork\WORKROOTS\the_selfish_gene_40th_anniversary_edition_oxford_d07ee442\derived\the_selfish_gene_40th_anniversary_edition_oxford_d07ee442_cps_sentences_v1.jsonl"
"C0688"	"F01.jsonl"	"READY_CPS_JSONL"	"C:\OCRWork\WORKROOTS\the_slaughter_of_cities_urban_renewal_as_ethnic_dfd7a5e1\derived\the_slaughter_of_cities_urban_renewal_as_ethnic_dfd7a5e1_cps_sentences_ready_v1.jsonl"
"C0688"	"F02.jsonl"	"CPS_JSONL"	"C:\OCRWork\WORKROOTS\the_slaughter_of_cities_urban_renewal_as_ethnic_dfd7a5e1\derived\the_slaughter_of_cities_urban_renewal_as_ethnic_dfd7a5e1_cps_sentences_v1.jsonl"
"C0689"	"F01.jsonl"	"READY_CPS_JSONL"	"C:\OCRWork\WORKROOTS\the_soul_of_battle_from_ancient_times_to_the_pre_6c4e52dd\derived\the_soul_of_battle_from_ancient_times_to_the_pre_6c4e52dd_cps_sentences_ready_v1.jsonl"
"C0689"	"F02.jsonl"	"CPS_JSONL"	"C:\OCRWork\WORKROOTS\the_soul_of_battle_from_ancient_times_to_the_pre_6c4e52dd\derived\the_soul_of_battle_from_ancient_times_to_the_pre_6c4e52dd_cps_sentences_v1.jsonl"
"C0690"	"F01.jsonl"	"READY_CPS_JSONL"	"C:\OCRWork\WORKROOTS\the_student_s_dictionary_of_anglo_saxon_henry_sw_dbf0f827\derived\the_student_s_dictionary_of_anglo_saxon_henry_sw_dbf0f827_cps_sentences_ready_v1.jsonl"
"C0690"	"F02.jsonl"	"CPS_JSONL"	"C:\OCRWork\WORKROOTS\the_student_s_dictionary_of_anglo_saxon_henry_sw_dbf0f827\derived\the_student_s_dictionary_of_anglo_saxon_henry_sw_dbf0f827_cps_sentences_v1.jsonl"
"C0691"	"F01.jsonl"	"READY_CPS_JSONL"	"C:\OCRWork\WORKROOTS\the_summa_theologica_unknown_1800_cec52c7426a920_0351cc5a\derived\the_summa_theologica_unknown_1800_cec52c7426a920_0351cc5a_cps_sentences_ready_v1.jsonl"
"C0691"	"F02.jsonl"	"CPS_JSONL"	"C:\OCRWork\WORKROOTS\the_summa_theologica_unknown_1800_cec52c7426a920_0351cc5a\derived\the_summa_theologica_unknown_1800_cec52c7426a920_0351cc5a_cps_sentences_v1.jsonl"
"C0692"	"F01.jsonl"	"READY_CPS_JSONL"	"C:\OCRWork\WORKROOTS\the_trail_of_the_fox_david_irving_1_2002_focal_p_72f9c67d\derived\the_trail_of_the_fox_david_irving_1_2002_focal_p_72f9c67d_cps_sentences_ready_v1.jsonl"
"C0692"	"F02.jsonl"	"CPS_JSONL"	"C:\OCRWork\WORKROOTS\the_trail_of_the_fox_david_irving_1_2002_focal_p_72f9c67d\derived\the_trail_of_the_fox_david_irving_1_2002_focal_p_72f9c67d_cps_sentences_v1.jsonl"
"C0693"	"F01.jsonl"	"READY_CPS_JSONL"	"C:\OCRWork\WORKROOTS\the_us_constitution_and_bill_of_rights_schmidt_m_97f06b79\derived\the_us_constitution_and_bill_of_rights_schmidt_m_97f06b79_cps_sentences_ready_v1.jsonl"
"C0693"	"F02.jsonl"	"CPS_JSONL"	"C:\OCRWork\WORKROOTS\the_us_constitution_and_bill_of_rights_schmidt_m_97f06b79\derived\the_us_constitution_and_bill_of_rights_schmidt_m_97f06b79_cps_sentences_v1.jsonl"
"C0694"	"F01.jsonl"	"READY_CPS_JSONL"	"C:\OCRWork\WORKROOTS\the_us_constitution_and_money_corruption_and_dec_a247387c\derived\the_us_constitution_and_money_corruption_and_dec_a247387c_cps_sentences_ready_v1.jsonl"
"C0694"	"F02.jsonl"	"CPS_JSONL"	"C:\OCRWork\WORKROOTS\the_us_constitution_and_money_corruption_and_dec_a247387c\derived\the_us_constitution_and_money_corruption_and_dec_a247387c_cps_sentences_v1.jsonl"
"C0695"	"F01.jsonl"	"READY_CPS_JSONL"	"C:\OCRWork\WORKROOTS\the_virus_house_parforce_david_irving_2002_32f64_dbb7be57\derived\the_virus_house_parforce_david_irving_2002_32f64_dbb7be57_cps_sentences_ready_v1.jsonl"
"C0695"	"F02.jsonl"	"CPS_JSONL"	"C:\OCRWork\WORKROOTS\the_virus_house_parforce_david_irving_2002_32f64_dbb7be57\derived\the_virus_house_parforce_david_irving_2002_32f64_dbb7be57_cps_sentences_v1.jsonl"
"C0696"	"F01.jsonl"	"READY_CPS_JSONL"	"C:\OCRWork\WORKROOTS\the_war_between_the_generals_irving_david_1981_b_fa657b71\derived\the_war_between_the_generals_irving_david_1981_b_fa657b71_cps_sentences_ready_v1.jsonl"
"C0696"	"F02.jsonl"	"CPS_JSONL"	"C:\OCRWork\WORKROOTS\the_war_between_the_generals_irving_david_1981_b_fa657b71\derived\the_war_between_the_generals_irving_david_1981_b_fa657b71_cps_sentences_v1.jsonl"
"C0697"	"F01.jsonl"	"READY_CPS_JSONL"	"C:\OCRWork\WORKROOTS\this_constitution_from_ratification_to_the_bill_86a3a903\derived\this_constitution_from_ratification_to_the_bill_86a3a903_cps_sentences_ready_v1.jsonl"
"C0697"	"F02.jsonl"	"CPS_JSONL"	"C:\OCRWork\WORKROOTS\this_constitution_from_ratification_to_the_bill_86a3a903\derived\this_constitution_from_ratification_to_the_bill_86a3a903_cps_sentences_v1.jsonl"
"C0698"	"F01.jsonl"	"READY_CPS_JSONL"	"C:\OCRWork\WORKROOTS\top_secret_the_dictionary_of_espionage_and_intel_0997298a\derived\top_secret_the_dictionary_of_espionage_and_intel_0997298a_cps_sentences_ready_v1.jsonl"
"C0698"	"F02.jsonl"	"CPS_JSONL"	"C:\OCRWork\WORKROOTS\top_secret_the_dictionary_of_espionage_and_intel_0997298a\derived\top_secret_the_dictionary_of_espionage_and_intel_0997298a_cps_sentences_v1.jsonl"
"C0699"	"F01.jsonl"	"READY_CPS_JSONL"	"C:\OCRWork\WORKROOTS\true_himmler_vol_i_1_1_david_john_cawdell_irving_ef368ab4\derived\true_himmler_vol_i_1_1_david_john_cawdell_irving_ef368ab4_cps_sentences_ready_v1.jsonl"
"C0699"	"F02.jsonl"	"CPS_JSONL"	"C:\OCRWork\WORKROOTS\true_himmler_vol_i_1_1_david_john_cawdell_irving_ef368ab4\derived\true_himmler_vol_i_1_1_david_john_cawdell_irving_ef368ab4_cps_sentences_v1.jsonl"
"C0700"	"F01.jsonl"	"READY_CPS_JSONL"	"C:\OCRWork\WORKROOTS\two_thousand_words_definitions_1888\derived\two_thousand_words_definitions_1888_cps_sentences_ready_v1.jsonl"
"C0700"	"F02.jsonl"	"CPS_JSONL"	"C:\OCRWork\WORKROOTS\two_thousand_words_definitions_1888\derived\two_thousand_words_definitions_1888_cps_sentences_v1.jsonl"
"C0701"	"F01.jsonl"	"READY_CPS_JSONL"	"C:\OCRWork\WORKROOTS\uprising_one_nation_s_nightmare_hungary_1956_dav_3f94d5e6\derived\uprising_one_nation_s_nightmare_hungary_1956_dav_3f94d5e6_cps_sentences_ready_v1.jsonl"
"C0701"	"F02.jsonl"	"CPS_JSONL"	"C:\OCRWork\WORKROOTS\uprising_one_nation_s_nightmare_hungary_1956_dav_3f94d5e6\derived\uprising_one_nation_s_nightmare_hungary_1956_dav_3f94d5e6_cps_sentences_v1.jsonl"
"C0702"	"F01.jsonl"	"READY_CPS_JSONL"	"C:\OCRWork\WORKROOTS\urban_dictionary_flarious_street_slang_defined_d_809c7311\derived\urban_dictionary_flarious_street_slang_defined_d_809c7311_cps_sentences_ready_v1.jsonl"
"C0702"	"F02.jsonl"	"CPS_JSONL"	"C:\OCRWork\WORKROOTS\urban_dictionary_flarious_street_slang_defined_d_809c7311\derived\urban_dictionary_flarious_street_slang_defined_d_809c7311_cps_sentences_v1.jsonl"
"C0703"	"F01.jsonl"	"READY_CPS_JSONL"	"C:\OCRWork\WORKROOTS\us_constitution_collegiate_book_shelf_edition_8f_954bb5d9\derived\us_constitution_collegiate_book_shelf_edition_8f_954bb5d9_cps_sentences_ready_v1.jsonl"
"C0703"	"F02.jsonl"	"CPS_JSONL"	"C:\OCRWork\WORKROOTS\us_constitution_collegiate_book_shelf_edition_8f_954bb5d9\derived\us_constitution_collegiate_book_shelf_edition_8f_954bb5d9_cps_sentences_v1.jsonl"
"C0704"	"F01.jsonl"	"READY_CPS_JSONL"	"C:\OCRWork\WORKROOTS\v_n_r_color_dictionary_of_minerals_gemstones_o_d_1dae01e4\derived\v_n_r_color_dictionary_of_minerals_gemstones_o_d_1dae01e4_cps_sentences_ready_v1.jsonl"
"C0704"	"F02.jsonl"	"CPS_JSONL"	"C:\OCRWork\WORKROOTS\v_n_r_color_dictionary_of_minerals_gemstones_o_d_1dae01e4\derived\v_n_r_color_dictionary_of_minerals_gemstones_o_d_1dae01e4_cps_sentences_v1.jsonl"
"C0705"	"F01.jsonl"	"READY_CPS_JSONL"	"C:\OCRWork\WORKROOTS\vatican_ii_the_constitution_on_the_church_a_theo_abd9feb8\derived\vatican_ii_the_constitution_on_the_church_a_theo_abd9feb8_cps_sentences_ready_v1.jsonl"
"C0705"	"F02.jsonl"	"CPS_JSONL"	"C:\OCRWork\WORKROOTS\vatican_ii_the_constitution_on_the_church_a_theo_abd9feb8\derived\vatican_ii_the_constitution_on_the_church_a_theo_abd9feb8_cps_sentences_v1.jsonl"
"C0706"	"F01.jsonl"	"READY_CPS_JSONL"	"C:\OCRWork\WORKROOTS\watermelons_nooses_and_straight_razors_stories_f_950dca5a\derived\watermelons_nooses_and_straight_razors_stories_f_950dca5a_cps_sentences_ready_v1.jsonl"
"C0706"	"F02.jsonl"	"CPS_JSONL"	"C:\OCRWork\WORKROOTS\watermelons_nooses_and_straight_razors_stories_f_950dca5a\derived\watermelons_nooses_and_straight_razors_stories_f_950dca5a_cps_sentences_v1.jsonl"
"C0707"	"F01.jsonl"	"READY_CPS_JSONL"	"C:\OCRWork\WORKROOTS\we_the_elites_why_the_us_constitution_serves_the_01e2a29c\derived\we_the_elites_why_the_us_constitution_serves_the_01e2a29c_cps_sentences_ready_v1.jsonl"
"C0707"	"F02.jsonl"	"CPS_JSONL"	"C:\OCRWork\WORKROOTS\we_the_elites_why_the_us_constitution_serves_the_01e2a29c\derived\we_the_elites_why_the_us_constitution_serves_the_01e2a29c_cps_sentences_v1.jsonl"
"C0708"	"F01.jsonl"	"READY_CPS_JSONL"	"C:\OCRWork\WORKROOTS\weapons_systems_and_political_stability_a_histor_a405d90b\derived\weapons_systems_and_political_stability_a_histor_a405d90b_cps_sentences_ready_v1.jsonl"
"C0708"	"F02.jsonl"	"CPS_JSONL"	"C:\OCRWork\WORKROOTS\weapons_systems_and_political_stability_a_histor_a405d90b\derived\weapons_systems_and_political_stability_a_histor_a405d90b_cps_sentences_v1.jsonl"
"C0709"	"F01.jsonl"	"READY_CPS_JSONL"	"C:\OCRWork\WORKROOTS\webster_s_collegiate_dictionary_merriam_webster_0ce19fb5\derived\webster_s_collegiate_dictionary_merriam_webster_0ce19fb5_cps_sentences_ready_v1.jsonl"
"C0709"	"F02.jsonl"	"CPS_JSONL"	"C:\OCRWork\WORKROOTS\webster_s_collegiate_dictionary_merriam_webster_0ce19fb5\derived\webster_s_collegiate_dictionary_merriam_webster_0ce19fb5_cps_sentences_v1.jsonl"
"C0710"	"F01.jsonl"	"READY_CPS_JSONL"	"C:\OCRWork\WORKROOTS\webster_s_collegiate_dictionary_webster_noah_175_a84c2107\derived\webster_s_collegiate_dictionary_webster_noah_175_a84c2107_cps_sentences_ready_v1.jsonl"
"C0710"	"F02.jsonl"	"CPS_JSONL"	"C:\OCRWork\WORKROOTS\webster_s_collegiate_dictionary_webster_noah_175_a84c2107\derived\webster_s_collegiate_dictionary_webster_noah_175_a84c2107_cps_sentences_v1.jsonl"
"C0711"	"F01.jsonl"	"READY_CPS_JSONL"	"C:\OCRWork\WORKROOTS\webster_s_concise_english_dictionary_a_dictionar_aaa281be\derived\webster_s_concise_english_dictionary_a_dictionar_aaa281be_cps_sentences_ready_v1.jsonl"
"C0711"	"F02.jsonl"	"CPS_JSONL"	"C:\OCRWork\WORKROOTS\webster_s_concise_english_dictionary_a_dictionar_aaa281be\derived\webster_s_concise_english_dictionary_a_dictionar_aaa281be_cps_sentences_v1.jsonl"
"C0712"	"F01.jsonl"	"READY_CPS_JSONL"	"C:\OCRWork\WORKROOTS\webster_s_ninth_new_collegiate_dictionary_merria_b8f60f71\derived\webster_s_ninth_new_collegiate_dictionary_merria_b8f60f71_cps_sentences_ready_v1.jsonl"
"C0712"	"F02.jsonl"	"CPS_JSONL"	"C:\OCRWork\WORKROOTS\webster_s_ninth_new_collegiate_dictionary_merria_b8f60f71\derived\webster_s_ninth_new_collegiate_dictionary_merria_b8f60f71_cps_sentences_v1.jsonl"
"C0713"	"F01.jsonl"	"READY_CPS_JSONL"	"C:\OCRWork\WORKROOTS\webster_s_seventh_new_collegiate_dictionary_base_1b652e1d\derived\webster_s_seventh_new_collegiate_dictionary_base_1b652e1d_cps_sentences_ready_v1.jsonl"
"C0713"	"F02.jsonl"	"CPS_JSONL"	"C:\OCRWork\WORKROOTS\webster_s_seventh_new_collegiate_dictionary_base_1b652e1d\derived\webster_s_seventh_new_collegiate_dictionary_base_1b652e1d_cps_sentences_v1.jsonl"
"C0714"	"F01.jsonl"	"READY_CPS_JSONL"	"C:\OCRWork\WORKROOTS\webster_s_seventh_new_collegiate_dictionary_base_689575b4\derived\webster_s_seventh_new_collegiate_dictionary_base_689575b4_cps_sentences_ready_v1.jsonl"
"C0714"	"F02.jsonl"	"CPS_JSONL"	"C:\OCRWork\WORKROOTS\webster_s_seventh_new_collegiate_dictionary_base_689575b4\derived\webster_s_seventh_new_collegiate_dictionary_base_689575b4_cps_sentences_v1.jsonl"
"C0715"	"F01.jsonl"	"READY_CPS_JSONL"	"C:\OCRWork\WORKROOTS\webster_s_seventh_new_collegiate_dictionary_base_d0d466ea\derived\webster_s_seventh_new_collegiate_dictionary_base_d0d466ea_cps_sentences_ready_v1.jsonl"
"C0715"	"F02.jsonl"	"CPS_JSONL"	"C:\OCRWork\WORKROOTS\webster_s_seventh_new_collegiate_dictionary_base_d0d466ea\derived\webster_s_seventh_new_collegiate_dictionary_base_d0d466ea_cps_sentences_v1.jsonl"
"C0716"	"F01.jsonl"	"READY_CPS_JSONL"	"C:\OCRWork\WORKROOTS\webster_s_third_new_international_dictionary_of_5bf65aab\derived\webster_s_third_new_international_dictionary_of_5bf65aab_cps_sentences_ready_v1.jsonl"
"C0716"	"F02.jsonl"	"CPS_JSONL"	"C:\OCRWork\WORKROOTS\webster_s_third_new_international_dictionary_of_5bf65aab\derived\webster_s_third_new_international_dictionary_of_5bf65aab_cps_sentences_v1.jsonl"
"C0717"	"F01.jsonl"	"READY_CPS_JSONL"	"C:\OCRWork\WORKROOTS\webster_s_third_new_international_dictionary_of_9f1c28ca\derived\webster_s_third_new_international_dictionary_of_9f1c28ca_cps_sentences_ready_v1.jsonl"
"C0717"	"F02.jsonl"	"CPS_JSONL"	"C:\OCRWork\WORKROOTS\webster_s_third_new_international_dictionary_of_9f1c28ca\derived\webster_s_third_new_international_dictionary_of_9f1c28ca_cps_sentences_v1.jsonl"
"C0718"	"F01.jsonl"	"READY_CPS_JSONL"	"C:\OCRWork\WORKROOTS\webster_s_unafraid_dictionary_leonard_louis_levi_f24b978d\derived\webster_s_unafraid_dictionary_leonard_louis_levi_f24b978d_cps_sentences_ready_v1.jsonl"
"C0718"	"F02.jsonl"	"CPS_JSONL"	"C:\OCRWork\WORKROOTS\webster_s_unafraid_dictionary_leonard_louis_levi_f24b978d\derived\webster_s_unafraid_dictionary_leonard_louis_levi_f24b978d_cps_sentences_v1.jsonl"
"C0719"	"F01.jsonl"	"READY_CPS_JSONL"	"C:\OCRWork\WORKROOTS\websters_collegiate_dictionary_1917\derived\websters_collegiate_dictionary_1917_cps_sentences_ready_v1.jsonl"
"C0719"	"F02.jsonl"	"CPS_JSONL"	"C:\OCRWork\WORKROOTS\websters_collegiate_dictionary_1917\derived\websters_collegiate_dictionary_1917_cps_sentences_v1.jsonl"
"C0720"	"F01.jsonl"	"READY_CPS_JSONL"	"C:\OCRWork\WORKROOTS\websters_dictionary_1892\derived\websters_dictionary_1892_cps_sentences_ready_v1.jsonl"
"C0720"	"F02.jsonl"	"CPS_JSONL"	"C:\OCRWork\WORKROOTS\websters_dictionary_1892\derived\websters_dictionary_1892_cps_sentences_v1.jsonl"
"C0721"	"F01.jsonl"	"READY_CPS_JSONL"	"C:\OCRWork\WORKROOTS\websters_high_school_dictionary_1895\derived\websters_high_school_dictionary_1895_cps_sentences_ready_v1.jsonl"
"C0721"	"F02.jsonl"	"CPS_JSONL"	"C:\OCRWork\WORKROOTS\websters_high_school_dictionary_1895\derived\websters_high_school_dictionary_1895_cps_sentences_v1.jsonl"
"C0722"	"F01.jsonl"	"READY_CPS_JSONL"	"C:\OCRWork\WORKROOTS\websters_new_collegiate_dictionary_1949\derived\websters_new_collegiate_dictionary_1949_cps_sentences_ready_v1.jsonl"
"C0722"	"F02.jsonl"	"CPS_JSONL"	"C:\OCRWork\WORKROOTS\websters_new_collegiate_dictionary_1949\derived\websters_new_collegiate_dictionary_1949_cps_sentences_v1.jsonl"
"C0723"	"F01.jsonl"	"READY_CPS_JSONL"	"C:\OCRWork\WORKROOTS\websters_new_ideal_dictionary_1924\derived\websters_new_ideal_dictionary_1924_cps_sentences_ready_v1.jsonl"
"C0723"	"F02.jsonl"	"CPS_JSONL"	"C:\OCRWork\WORKROOTS\websters_new_ideal_dictionary_1924\derived\websters_new_ideal_dictionary_1924_cps_sentences_v1.jsonl"
"C0724"	"F01.jsonl"	"READY_CPS_JSONL"	"C:\OCRWork\WORKROOTS\western_words_a_dictionary_of_the_american_west_258339bc\derived\western_words_a_dictionary_of_the_american_west_258339bc_cps_sentences_ready_v1.jsonl"
"C0724"	"F02.jsonl"	"CPS_JSONL"	"C:\OCRWork\WORKROOTS\western_words_a_dictionary_of_the_american_west_258339bc\derived\western_words_a_dictionary_of_the_american_west_258339bc_cps_sentences_v1.jsonl"
"C0725"	"F01.jsonl"	"READY_CPS_JSONL"	"C:\OCRWork\WORKROOTS\word_parts_dictionary_standard_and_reverse_listi_b876fd4e\derived\word_parts_dictionary_standard_and_reverse_listi_b876fd4e_cps_sentences_ready_v1.jsonl"
"C0725"	"F02.jsonl"	"CPS_JSONL"	"C:\OCRWork\WORKROOTS\word_parts_dictionary_standard_and_reverse_listi_b876fd4e\derived\word_parts_dictionary_standard_and_reverse_listi_b876fd4e_cps_sentences_v1.jsonl"
"C0726"	"F01.jsonl"	"READY_CPS_JSONL"	"C:\OCRWork\WORKROOTS\wright_joseph_the_english_dialect_dictionary_vol_64fc4d1a\derived\wright_joseph_the_english_dialect_dictionary_vol_64fc4d1a_cps_sentences_ready_v1.jsonl"
"C0726"	"F02.jsonl"	"CPS_JSONL"	"C:\OCRWork\WORKROOTS\wright_joseph_the_english_dialect_dictionary_vol_64fc4d1a\derived\wright_joseph_the_english_dialect_dictionary_vol_64fc4d1a_cps_sentences_v1.jsonl"
"C0727"	"F01.jsonl"	"READY_CPS_JSONL"	"C:\OCRWork\WORKROOTS\x98_the_x9c_germanization_of_early_medieval_chri_cb9b7810\derived\x98_the_x9c_germanization_of_early_medieval_chri_cb9b7810_cps_sentences_ready_v1.jsonl"
"C0727"	"F02.jsonl"	"CPS_JSONL"	"C:\OCRWork\WORKROOTS\x98_the_x9c_germanization_of_early_medieval_chri_cb9b7810\derived\x98_the_x9c_germanization_of_early_medieval_chri_cb9b7810_cps_sentences_v1.jsonl"
